id, value
1000, 1
16, 1
21, 1
300, 1
9, 1
AGAIN, 1
AH, 1
AIR, 1
Action, 1
Affair, 1
Ago, 1
Allright, 1
Amazing, 1
Ang, 1
BREAK, 1
Babe, 1
Back, 1
Bang, 1
Blame, 1
Blues, 1
Break, 1
CAT, 1
CATS, 1
CRACK, 1
CRUSH, 1
Car, 1
Chant, 1
Chic, 1
Child, 1
Close, 1
Cryin, 1
DA, 1
DESTINY, 1
Distance, 1
Drive, 1
Dry, 1
E, 1
EGO, 1
EVERY, 1
Each, 1
Eat, 1
Every, 1
Everything, 1
Everytime, 1
FOR, 1
FREE, 1
Fade, 1
Fascination, 1
FearOh, 1
Feed, 1
Flag, 1
Friends, 1
From, 1
Funky, 1
GAME, 1
GIVVE, 1
GOING, 1
GYM, 1
Gentle, 1
Guts, 1
HAZE, 1
HEY, 1
HORSE, 1
Haze, 1
Heaven, 1
Heavy, 1
Hip, 1
History, 1
Home, 1
Illusions, 1
Invitation, 1
Itsuka, 1
JAP, 1
JOB, 1
Jump, 1
KIDS, 1
KING, 1
KISSSee, 1
KO, 1
Kaminomanimani, 1
KaminomanimaniLONG, 1
Know, 1
L, 1
LIVE, 1
LOSER, 1
LOVING, 1
Last, 1
Latin, 1
Leaders, 1
Life, 1
Lock, 1
LockLet, 1
Loneliness, 1
Long, 1
Lots, 1
MAIL, 1
MISS, 1
MONDAY, 1
MORNIG, 1
MR, 1
MUCH, 1
Magic, 1
Makin, 1
May, 1
Moon, 1
Moonlight, 1
Movin, 1
Music, 1
Mv, 1
NAVIGATIONHands, 1
NOTHING, 1
Name, 1
Neon, 1
OK, 1
OOH, 1
OOOH, 1
OR, 1
Off, 1
Only, 1
Ooh, 1
Or, 1
Orange, 1
Other, 1
Our, 1
PAIN, 1
PURPLE, 1
Party, 1
Playing, 1
Pull, 1
Purple, 1
RAP, 1
RIDING, 1
RIPPER, 1
ROLLOMG, 1
Radio, 1
Rain, 1
Rainy, 1
Really, 1
Red, 1
SAY, 1
SEE, 1
SHA, 1
SHAKE, 1
SHINE, 1
SIZE, 1
SUN, 1
Sad, 1
Same, 1
Saturday, 1
Save, 1
Say, 1
Seventeen, 1
Shape, 1
ShowTime, 1
Slender, 1
Smile, 1
Somebody, 1
Sometimes, 1
Sorrow, 1
Standing, 1
Stare, 1
Still, 1
Stop, 1
Stranger, 1
Stream, 1
THUNDER, 1
Taxi, 1
That, 1
They, 1
Thinking, 1
Throw, 1
UH, 1
UP, 1
Uncivilized, 1
VERY, 1
WE, 1
WEEKEND, 1
WIND, 1
WITH, 1
Walking, 1
Was, 1
Watching, 1
Will, 1
YES, 1
Year, 1
Years, 1
aching, 1
ago, 1
allrightWake, 1
almost, 1
ang, 1
angel, 1
asleep, 1
attention, 1
bad, 1
badnews, 1
bitter, 1
blues, 1
boring, 1
breathe, 1
broadway, 1
busy, 1
cannot, 1
cast, 1
casual, 1
catch, 1
cause, 1
changed, 1
cheer, 1
chime, 1
choice, 1
closer, 1
clump, 1
comes, 1
communicationThought, 1
conversation, 1
cooking, 1
cooling, 1
country, 1
d, 1
dancing, 1
destination, 1
direction, 1
doing, 1
dress, 1
drive, 1
dumadaan, 1
even, 1
ever, 1
evil, 1
excess, 1
fade, 1
fault, 1
fears, 1
feeling, 1
feet, 1
fist, 1
floor, 1
friends, 1
funky, 1
game, 1
gave, 1
god, 1
graduate, 1
green, 1
gripping, 1
growing, 1
guess, 1
guy, 1
h, 1
hang, 1
hangin, 1
happens, 1
happy, 1
haze, 1
hiding, 1
him, 1
hold, 1
holds, 1
hot, 1
how, 1
ikaw, 1
incomplete, 1
itsura, 1
joy, 1
jump, 1
keeping, 1
keys, 1
kill, 1
killing, 1
kind, 1
kong, 1
lagi, 1
laging, 1
last, 1
laugh, 1
laughter, 1
learned, 1
left, 1
lies, 1
lifeLiving, 1
listen, 1
lot, 1
loud, 1
luck, 1
maalala, 1
madness, 1
main, 1
making, 1
masarap, 1
meHands, 1
meRain, 1
mean, 1
memory, 1
mess, 1
missin, 1
missing, 1
mistakes, 1
modern, 1
movin, 1
mystify, 1
nagiiba, 1
needs, 1
neon, 1
news, 1
ng, 1
nights, 1
nobody, 1
non, 1
nothin, 1
nowhere, 1
old, 1
ooh, 1
painted, 1
paralyzed, 1
part, 1
party, 1
passing, 1
past, 1
pay, 1
peace, 1
pick, 1
pickin, 1
play, 1
poor, 1
pretty, 1
prove, 1
raindrops, 1
raise, 1
ready, 1
realize, 1
reason, 1
revelation, 1
revolution, 1
romance, 1
roots, 1
run, 1
running, 1
same, 1
sand, 1
saying, 1
school, 1
scream, 1
searching, 1
season, 1
senses, 1
share, 1
sighs, 1
silver, 1
since, 1
sing, 1
situation, 1
skin, 1
smile, 1
some, 1
someone, 1
sorry, 1
space, 1
spot, 1
step, 1
steps, 1
stiches, 1
stimulation, 1
sting, 1
strange, 1
stranger, 1
stump, 1
style, 1
suffering, 1
summer, 1
sunlight, 1
sunshine, 1
survive, 1
sweetCrush, 1
talkin, 1
taught, 1
then, 1
these, 1
thread, 1
tired, 1
town, 1
trip, 1
trouble, 1
trump, 1
turning, 1
twist, 1
ulap, 1
um, 1
use, 1
very, 1
wah, 1
wasting, 1
weight, 1
wherever, 1
while, 1
whisper, 1
whistle, 1
white, 1
windows, 1
within, 1
woman, 1
woo, 1
yan, 1
yin, 1
ymore, 1
young, 1
yourself, 1
ぁ, 1
あいかわら, 1
あいかわらず, 1
あいそ, 1
あいだ, 1
あいまい, 1
あう, 1
あえない, 1
あえなかっ, 1
あか, 1
あがら, 1
あがり, 1
あきまへん, 1
あきる, 1
あきれ, 1
あきれかえっ, 1
あく, 1
あくる日, 1
あけろ, 1
あこがれ, 1
あさる, 1
あざ笑う, 1
あずけ, 1
あずける, 1
あせ, 1
あせばん, 1
あせり, 1
あそこ, 1
あたし, 1
あたる, 1
あちこち, 1
あっけなく, 1
あったか, 1
あっち, 1
あなどれ, 1
あばれろ, 1
あびよ, 1
あみだし, 1
あやしい, 1
あやす, 1
あやまち, 1
あやまっ, 1
あやまる, 1
あら, 1
あらわ, 1
あらわれ, 1
あらわれる, 1
ありがと, 1
あれこれ, 1
あろ, 1
あわて, 1
あんた, 1
いいかげん, 1
いいふらし, 1
いかさま, 1
いかし, 1
いかつい, 1
いが, 1
いくじ, 1
いけ, 1
いじくれ, 1
いじめる, 1
いそがしく, 1
いたく, 1
いたずら, 1
いただけ, 1
いたれ, 1
いたわる, 1
いっさい, 1
いっとき, 1
いつのまに, 1
いつわっ, 1
いつわり, 1
いとこ, 1
いなか, 1
いのっ, 1
いばり, 1
いふ, 1
いまいち, 1
いまだに, 1
いよいよ, 1
いらだつ, 1
いりゃ, 1
いわゆる, 1
いん, 1
うい, 1
うか, 1
うかがう, 1
うかがっ, 1
うかつ, 1
うかぶ, 1
うかれ, 1
うかん, 1
うけつけよ, 1
うけとめ, 1
うける, 1
うごめく, 1
うさ, 1
うさん, 1
うしろめたい, 1
うす, 1
うずき, 1
うずめる, 1
うそぶい, 1
うたう, 1
うたえ, 1
うたぐり, 1
うだる, 1
うちのめす, 1
うっかり, 1
うつむき, 1
うつろ, 1
うて, 1
うなされ, 1
うなずか, 1
うなずけ, 1
うなだれ, 1
うなだれる, 1
うなる, 1
うぬぼれる, 1
うねり, 1
うま, 1
うめい, 1
うらぎり, 1
うらやん, 1
うるさく, 1
うれしい, 1
うろつい, 1
うろつく, 1
うわ言, 1
うん, 1
ええ, 1
えぐる, 1
えっちらおっちら, 1
おい, 1
おいで, 1
おお, 1
おおっ, 1
おかあさん, 1
おかしい, 1
おかしく, 1
おかしな, 1
おがま, 1
おごら, 1
おさめ, 1
おしえ, 1
おして, 1
おしよせる, 1
おじけづい, 1
おじさん, 1
おせっかい, 1
おそかっ, 1
おとうさん, 1
おとし, 1
おとしめ, 1
おとなしく, 1
おどける, 1
おなか, 1
おはよう, 1
おぶさっ, 1
おぼれる, 1
おまかせ, 1
おめでとう, 1
おもい, 1
おもいきっ, 1
おもいきり, 1
おもいで, 1
おもう, 1
おりる, 1
おろし, 1
おんぼろ, 1
お決まり, 1
お飾り, 1
お立ち台, 1
かえし, 1
かえっ, 1
かえよ, 1
かえり, 1
かえれ, 1
かおる, 1
かかえこん, 1
かから, 1
かかる, 1
かかれ, 1
かきたてる, 1
かきむしる, 1
かきわけ, 1
かき消さ, 1
かき鳴らせ, 1
かぎっ, 1
かく, 1
かくして, 1
かけあわし, 1
かけぬけ, 1
かけはなれ, 1
かけまわる, 1
かける, 1
かざっ, 1
かし, 1
かしこ, 1
かじり, 1
かすみ, 1
かすむ, 1
かすり, 1
かぞえ, 1
かたく, 1
かたくな, 1
かため, 1
かっこいい, 1
かない, 1
かなえろ, 1
かなしい, 1
かなっ, 1
かならず, 1
かまっ, 1
かみつい, 1
かみ合わ, 1
かむ, 1
かよわい, 1
からくり, 1
からっぽ, 1
からま, 1
からみつく, 1
かるい, 1
かわいそう, 1
かわす, 1
かわっ, 1
かわゆい, 1
かわら, 1
がき, 1
がまん強く, 1
がめつい, 1
がらくた, 1
がんばり, 1
がんばりゃ, 1
がんばる, 1
きつく, 1
きびしい, 1
きまっ, 1
きまり, 1
きめ, 1
きゃく, 1
きらきら, 1
きらめく, 1
きれる, 1
きわだた, 1
きわどい, 1
ぎ, 1
ぎこちない, 1
ぎないものひとつだきしめたいよ, 1
ぎゅっと, 1
ぎょうさん, 1
ぎらぎら, 1
ぎらつか, 1
く, 1
くいしばっ, 1
くくっ, 1
くくろ, 1
くぐっ, 1
くさい, 1
くさり, 1
くすぶる, 1
くず, 1
くずれおち, 1
くたくた, 1
くたびれ, 1
くちびる, 1
くっ, 1
くっつく, 1
くびれ, 1
くま, 1
くみ, 1
くやし涙, 1
くりかえさ, 1
くるまれ, 1
ぐしょぐしょ, 1
ぐらぐら, 1
けがれ, 1
けしかける, 1
けっこう, 1
けとばし, 1
けむり, 1
ける, 1
けわしく, 1
こういう, 1
こころなし, 1
こしらえ, 1
こじんまり, 1
こすっ, 1
こすれ, 1
こだわり, 1
こびりつい, 1
こぼれ落ちる, 1
こまり, 1
こみあげる, 1
こらえる, 1
ころがっ, 1
ころがれよ, 1
ころん, 1
こわかっ, 1
こわがっ, 1
こわがら, 1
こわせる, 1
こわれよ, 1
こんなふうに, 1
ごったがえし, 1
ごまかせ, 1
ごらん, 1
ご存知, 1
さかな, 1
さがす, 1
さぐりあう, 1
さぐる, 1
さぐれ, 1
さけ, 1
ささい, 1
さして, 1
さぞ, 1
さまざま, 1
さまし, 1
さまよい, 1
さむい, 1
さら, 1
さらす, 1
さらっ, 1
さらわ, 1
さわり, 1
さわる, 1
ざっくり, 1
ざわつき, 1
ざわめく, 1
しあわせ, 1
しい, 1
しいら, 1
しかた, 1
しかめ, 1
しかれ, 1
しきる, 1
しくみ, 1
しぐさ, 1
しこたま, 1
したら, 1
しっこし, 1
しっぺ, 1
しっぽ, 1
しつこい, 1
しつこく, 1
しなさ, 1
しなる, 1
しのぎ, 1
しぶとい, 1
しぶとく, 1
しぼみ, 1
しぼむ, 1
しぼる, 1
しまい, 1
しまお, 1
しみる, 1
しみわたる, 1
しゃしゃりで, 1
しゃべら, 1
しゅく, 1
しょ, 1
しょいこま, 1
しょいこん, 1
しょっぱい, 1
しょっぱく, 1
しり, 1
しわ, 1
じし, 1
じつは, 1
じゃま, 1
じゃれ, 1
じゅん, 1
じょうず, 1
じりじり, 1
じん, 1
すいこま, 1
すがすがしく, 1
すがりつい, 1
すぎる, 1
すくむ, 1
すくわ, 1
すこぶる, 1
すごし, 1
すすめる, 1
すする, 1
すすん, 1
すずし, 1
すそ, 1
すたる, 1
すっと, 1
すっとぶ, 1
すっぱい, 1
すてき, 1
すてろ, 1
すでに, 1
すねる, 1
すばらしい, 1
すべり, 1
すまさ, 1
すまし, 1
すみ, 1
すり, 1
すりかえ, 1
すり減らし, 1
すり抜け, 1
すれちがっ, 1
すれ違い, 1
すわっ, 1
ずっこけ, 1
ずる, 1
せいいっぱい, 1
せせら笑い, 1
せせら笑っ, 1
せっせ, 1
せつな, 1
せり, 1
せわしい, 1
ぜひとも, 1
ぜんぶ, 1
そい, 1
そういや, 1
そえ, 1
そこで, 1
そこら, 1
そそい, 1
そっち, 1
そらし, 1
それから, 1
ぞっと, 1
ぞろぞろ, 1
たいして, 1
たいらげ, 1
たおし, 1
たおれ, 1
たかい, 1
たかが, 1
たがい, 1
たぐい, 1
たけ, 1
たずね, 1
たた, 1
たたか, 1
たたきこめ, 1
たたずむ, 1
ただただ, 1
ただよう, 1
たちのぼる, 1
たちゃ, 1
たつ, 1
たてかけ, 1
たてる, 1
たとえ, 1
たどりつい, 1
たどりつける, 1
たどり着い, 1
たどり着け, 1
たばこ, 1
たびだち, 1
たまえ, 1
たまっ, 1
たまら, 1
たまる, 1
ためらわ, 1
たもて, 1
たゆたう, 1
たよれ, 1
たらたら, 1
たり, 1
だいたい, 1
だこ, 1
だし, 1
ちかづい, 1
ちかよら, 1
ちぎっ, 1
ちっちゃな, 1
ちゃ, 1
ちゃえ, 1
ちゃかす, 1
ちょう, 1
ちょうど, 1
ちょん, 1
ちよ, 1
ちらかさ, 1
ちらかし, 1
ちらちら, 1
ちらり, 1
ちりばめ, 1
ついて, 1
ついていけ, 1
ついで, 1
つかえ, 1
つかし, 1
つかす, 1
つかまえろ, 1
つかめ, 1
つかれ, 1
つかれる, 1
つかれ果て, 1
つきあっ, 1
つきすすむ, 1
つきまとっ, 1
つき刺さる, 1
つぎこん, 1
つくし, 1
つくせ, 1
つくっ, 1
つくり笑い, 1
つけよ, 1
つっこま, 1
つっこも, 1
つっこん, 1
つっぱる, 1
つつん, 1
つづ, 1
つづい, 1
つとめ, 1
つながら, 1
つなご, 1
つのら, 1
つば, 1
つぶさ, 1
つぶしあい, 1
つぶっ, 1
つぶやか, 1
つぶやく, 1
つぶれる, 1
つま, 1
つまずか, 1
つまっ, 1
つまり, 1
つまんない, 1
つま先立ち, 1
つもっ, 1
つもれ, 1
つよ, 1
つよく, 1
つら, 1
つらく, 1
つらぬい, 1
つらぬく, 1
つるま, 1
つれあう, 1
つれない, 1
つんのめっ, 1
づい, 1
づか, 1
づけ, 1
づまる, 1
てくてく, 1
てこ, 1
てる, 1
でしゃばる, 1
でっかく, 1
でっち上げ, 1
とうとう, 1
とがっ, 1
ときゃ, 1
とける, 1
とこしえ, 1
としい, 1
とどき, 1
とどまれ, 1
とば, 1
とばそ, 1
とびこむ, 1
とびこめ, 1
とびのっ, 1
とび出, 1
とまどい, 1
とまる, 1
とめどなく, 1
とめる, 1
ともあれ, 1
ともし, 1
ともそ, 1
ともる, 1
とらわれ, 1
とり, 1
とりあお, 1
とりかこむ, 1
とりつか, 1
とりつく, 1
とりはずせ, 1
とわ, 1
とんがり, 1
とんでも, 1
どうにか, 1
どか, 1
どぎつい, 1
どす黒い, 1
どなた, 1
なかれ, 1
なかろ, 1
ながし, 1
ながす, 1
ながれ, 1
なぐさめ, 1
なぐっ, 1
なけなし, 1
なさけ, 1
なする, 1
なぞ, 1
なぞる, 1
なぞれ, 1
なだれ込み, 1
なつかしい, 1
なでる, 1
ななめ, 1
なびか, 1
なまくら, 1
なまけ, 1
なまけもの, 1
なまぬるい, 1
なめ, 1
なめらか, 1
なめる, 1
ならさ, 1
ならべ, 1
なんて, 1
におい, 1
にぎっ, 1
にぎやか, 1
にぎりしめ, 1
にぎりしめよ, 1
にぎりしめる, 1
にぎる, 1
にこやか, 1
にごす, 1
にごらせ, 1
にじま, 1
にべ, 1
にらむ, 1
にわかに, 1
にんまり, 1
ぬか, 1
ぬかす, 1
ぬぎ, 1
ぬぐっ, 1
ぬっ, 1
ぬりつぶす, 1
ねぎらい, 1
ねころん, 1
ねだり, 1
ねちねち, 1
ねむい, 1
ねらい, 1
ねりあるい, 1
のぞい, 1
のぞきこむ, 1
のぞけ, 1
のぞける, 1
のぞみ, 1
のたうちまわっ, 1
のち, 1
のっかっ, 1
ののしりゃ, 1
のばす, 1
のばせ, 1
のぼり, 1
のみこん, 1
のむ, 1
のめさ, 1
のめりこめ, 1
のめり込ん, 1
のり, 1
のる, 1
のろけ, 1
のろのろ, 1
はいだし, 1
はいっ, 1
はが, 1
はがす, 1
はけ, 1
はげしい, 1
はしゃぎ, 1
はしゃぐ, 1
はじ, 1
はじめりゃ, 1
はじめる, 1
はずかし, 1
はずかしかっ, 1
はずし, 1
はたい, 1
はたち, 1
はたらき, 1
はつ, 1
はで, 1
はなさ, 1
はなて, 1
はなやい, 1
はね, 1
はねかえす, 1
はばま, 1
はまら, 1
はまる, 1
はみだし, 1
はみだす, 1
はめよ, 1
はらい, 1
はらし, 1
はりかえ, 1
はれ, 1
はろ, 1
ば, 1
ばか, 1
ばった, 1
ばらまけ, 1
ばれ, 1
ばれる, 1
ぱらぱら, 1
ひからび, 1
ひき, 1
ひきかえ, 1
ひきこもれ, 1
ひきずら, 1
ひきずり, 1
ひきもどす, 1
ひきょう, 1
ひきよせる, 1
ひざまずい, 1
ひしめく, 1
ひそめ, 1
ひっかける, 1
ひっくりかえせ, 1
ひっくりかえれ, 1
ひっくるめ, 1
ひっぱっ, 1
ひっぱり, 1
ひとすじ, 1
ひとつひとつ, 1
ひどい, 1
ひどく, 1
ひねりだす, 1
ひび, 1
ひも, 1
ひやかさ, 1
ひやす, 1
ひらく, 1
ひ弱い, 1
び, 1
びしげな, 1
びしょ濡れ, 1
びびっ, 1
びょう, 1
びん, 1
ふえ, 1
ふか, 1
ふかし, 1
ふきこむ, 1
ふきだし, 1
ふきとば, 1
ふきとばし, 1
ふきとばそ, 1
ふくらむ, 1
ふくれあがる, 1
ふけ, 1
ふさぎこん, 1
ふさわしい, 1
ふざけ, 1
ふしだら, 1
ふたつ, 1
ふちどる, 1
ふっ, 1
ふつう, 1
ふとした, 1
ふみ, 1
ふみたおし, 1
ふみださ, 1
ふみだせよ, 1
ふらつか, 1
ふらつき, 1
ふり, 1
ふりかざす, 1
ふりかざそ, 1
ふりきる, 1
ふりはらい, 1
ふる, 1
ふるまえ, 1
ふるわせ, 1
ふれあう, 1
ぶくぶく, 1
ぶち, 1
ぶち壊さ, 1
ぶつかっ, 1
ぶつける, 1
ぶらさげ, 1
ぶるぶる, 1
へこたれ, 1
へる, 1
べったり, 1
べっとり, 1
ほうりださ, 1
ほこり, 1
ほざい, 1
ほっと, 1
ほっぺた, 1
ほとんど, 1
ほど遠い, 1
ほのか, 1
ほほえむ, 1
ほろほろ, 1
ほろ苦い, 1
ほろ酔い, 1
ほん, 1
ぼうっと, 1
ぼちぼち, 1
ぼとぼと, 1
ぼやい, 1
ぼやける, 1
ぼる, 1
ぼろぼろ, 1
ぼんやり, 1
まぁ, 1
まいこん, 1
まいっ, 1
まかし, 1
まきちらし, 1
まぎれこん, 1
まくら, 1
まけ, 1
まさお, 1
まさぐる, 1
まじ, 1
まじわり, 1
またし, 1
またもや, 1
まちがえ, 1
まっただ中, 1
まとう, 1
まとっ, 1
まとまる, 1
まとめ, 1
まとわ, 1
まとわりつい, 1
まとわりつか, 1
まどわさ, 1
まばら, 1
まぶしく, 1
まま, 1
まみれる, 1
まもっ, 1
まゆ, 1
まるっきり, 1
まれ, 1
まわ, 1
まわす, 1
まんべんなく, 1
まんま, 1
まん中, 1
みかえす, 1
みずみずしい, 1
みせろ, 1
みだせ, 1
みつけ, 1
みつめ, 1
みなぎっ, 1
みなぎる, 1
みる, 1
みるみる, 1
むい, 1
むきあい, 1
むきゃ, 1
むこ, 1
むしろ, 1
むずむず, 1
むせび泣い, 1
むなしく, 1
むりこく, 1
むりやり, 1
めくっ, 1
めくり, 1
めくるめく, 1
めくれ, 1
めくろ, 1
めざし, 1
めちゃくちゃ, 1
めったに, 1
めまい, 1
めまぐるしく, 1
めんど, 1
もぎ, 1
もしかして, 1
もた, 1
もたし, 1
もだえる, 1
もち, 1
もちかける, 1
もつれ, 1
もてあそび, 1
もてはやさ, 1
もてる, 1
もどかし, 1
もどかしい, 1
もぬけの殻, 1
もの, 1
ものすごい, 1
ものすごく, 1
もらさ, 1
もん, 1
ゃいつでも, 1
ゃそれでいいや, 1
ゃべりなよだれにいくら, 1
ゃまずいんじゃないの, 1
ゃらちゃらしてろよ, 1
やかましい, 1
やきつい, 1
やきつけ, 1
やけど, 1
やける, 1
やすらぎ, 1
やっかい, 1
やってこ, 1
やって来, 1
やって来る, 1
やっぱ, 1
やぶれ, 1
やましい, 1
やみ, 1
やみくも, 1
やめる, 1
やや, 1
ややこしい, 1
やりなおせる, 1
やり過ごせ, 1
やり遂げる, 1
やり直す, 1
やり直せる, 1
やるせない, 1
やん, 1
やんちゃ, 1
ゅ, 1
ゅう, 1
ゅうたい, 1
ゆうべ, 1
ゆけれ, 1
ゆすり, 1
ゆらゆら, 1
ゆるぎ, 1
ゆるやか, 1
ゆれる, 1
ようやく, 1
よけい, 1
よこさ, 1
よし, 1
よそ, 1
よっ, 1
よっぽど, 1
よどみ, 1
よりかから, 1
よりゃ, 1
よろこぶ, 1
りゃく, 1
るい, 1
れき, 1
ろうそく, 1
ろくな, 1
わい, 1
わか, 1
わき, 1
わきまえ, 1
わきゃ, 1
わたす, 1
わびしく, 1
わる, 1
アーケード, 1
アアキレイナヒトト, 1
アイアムソーリ, 1
アイアン, 1
アイス, 1
アイデア, 1
アイディア, 1
アイムソーリー, 1
アイラブユー, 1
アオ, 1
アカ, 1
アクシデンツ, 1
アクション, 1
アクセサリー, 1
アダム, 1
アナタニアエル, 1
アナタハナニイロ, 1
アブ, 1
アリ, 1
アリーナ, 1
アレルギー, 1
アレヲコエテユケ, 1
アン, 1
アンテナ, 1
イ, 1
イイ, 1
イキ, 1
イジメ, 1
イズム, 1
イナズマ, 1
イビリ, 1
イマジネーション, 1
イヤイヤ, 1
イヤ気, 1
イレブン, 1
インク, 1
インザダーク, 1
インチキ, 1
イヴ, 1
ウ, 1
ウィニングスマイル, 1
ウィンドウ, 1
ウェイ, 1
ウェポン, 1
ウオッカ, 1
ウチカエッテネタイ, 1
ウツワ, 1
ウヤムヤケムリ, 1
ウラ, 1
ウリ, 1
ウワキ, 1
ウン, 1
ェ, 1
エアコン, 1
エアロ, 1
エネルギー, 1
エブリディ, 1
エブリデイ, 1
オードブル, 1
オイシイ, 1
オイラ, 1
オト, 1
オトモ, 1
オノ, 1
オピニオン, 1
オペラ, 1
オマエカワイイ, 1
オモチャ, 1
オリャ, 1
オレンジ, 1
オンボロコート, 1
カード, 1
カウボーイ, 1
カコモミライモイッショ, 1
カゼガフキ, 1
カタキ, 1
カタチ, 1
カタログ, 1
カッコ, 1
カップ, 1
カバン, 1
カビ, 1
カミナリ, 1
カラ, 1
カラー, 1
カラダ, 1
カラダガダルイヨ, 1
カラミ, 1
カルメン, 1
カレンダー, 1
カン, 1
ガードレール, 1
ガキ, 1
ガス, 1
ガラ, 1
ガラガラガラ, 1
ガレージ, 1
キー, 1
キーワード, 1
キャスティング, 1
キャンバス, 1
キャンパス, 1
キレ, 1
ギア, 1
ギザギザ, 1
クシ, 1
クジ, 1
クズ, 1
クセ, 1
クツ, 1
クラい, 1
クライマックス, 1
クレーム, 1
クローゼット, 1
グセ, 1
グチ, 1
グツグツ, 1
グニャグニャ, 1
グラフ, 1
グレイ, 1
ケース, 1
ケガ, 1
ケバ, 1
ケロッ, 1
ゲイジュツ, 1
コイン, 1
コケる, 1
コソコソ, 1
コメツブ, 1
コル, 1
コンセプト, 1
コンセントレーション, 1
コンバーチブル, 1
コンビニ, 1
コンフュージョン, 1
コンプレックス, 1
ゴージャス, 1
ゴルフ, 1
サー, 1
サーチライト, 1
サアメヲサマセ, 1
サイクル, 1
サイズ, 1
サウンド, 1
サブ, 1
サボり, 1
サボテン, 1
サム, 1
サヨナラ, 1
サラヴォーン, 1
ザンゲ, 1
シ, 1
シート, 1
シェア, 1
シゴ, 1
シチュエーション, 1
シックス, 1
シビ, 1
シビア, 1
シブ, 1
シマ, 1
シマリ, 1
シャイ, 1
シャウト, 1
シャッター, 1
シャドウボクシング, 1
ショート, 1
ショップ, 1
シラフ, 1
シリンダー, 1
シワ, 1
シンプル, 1
ジェット機, 1
ジェラシ, 1
ジェラシー, 1
ジミヘン, 1
ジャケット, 1
ジャック, 1
ジャンル, 1
ジューニブン, 1
ジュン, 1
ジョッキ, 1
ジン, 1
ス, 1
スーツ, 1
スーパー, 1
スィートルーム, 1
スイミング, 1
スカ, 1
スクランブル, 1
スゴ, 1
スゴイ, 1
スッ, 1
スッピン, 1
ストラト, 1
ストレート, 1
ストレス, 1
ストロー, 1
スニーカー, 1
スペア, 1
スポット, 1
スムーズ, 1
スモーク, 1
ズバッ, 1
ズブリ, 1
ズル, 1
ズレ, 1
セカイ, 1
セコ, 1
セブン, 1
セラピー, 1
センター, 1
ゼ, 1
ゼンギ, 1
ソフトクリーム, 1
ソレ, 1
ソング, 1
タイトロープ, 1
タイム, 1
タカ, 1
タクシ, 1
タクシー, 1
タダ, 1
タテマエ, 1
タナ, 1
タワー, 1
ダーリン, 1
ダイアモンド, 1
ダイスキナンダ, 1
ダサイオトコ, 1
ダメージ, 1
ダンゴウ, 1
ダンシング, 1
チェーン, 1
チケット, 1
チャラ, 1
チャンネル, 1
チャンピオン, 1
チルドレン, 1
チンケ, 1
ツ, 1
ツキ, 1
ツケ, 1
ツライ, 1
テール, 1
ティー, 1
ティーン, 1
テクマクマヤコン, 1
テンパ, 1
デートシテミタイヨ, 1
ディスイズザ, 1
ディスコ, 1
ディッシュ, 1
デッド, 1
デニム, 1
デマ, 1
トゲ, 1
トラック, 1
トロ, 1
ドゥ, 1
ドクドク, 1
ドライバー, 1
ドラマ, 1
ドリーム, 1
ドロ, 1
ドロッ, 1
ドロドロ, 1
ナニモカモ, 1
ナベ, 1
ニャオニャオ, 1
ニヤ, 1
ニュ, 1
ネイビー, 1
ネオンサイン, 1
ノスタルジック, 1
ノゾキ, 1
ノリ, 1
ハード, 1
ハイ, 1
ハイウェイ, 1
ハイテク, 1
ハイヒール, 1
ハイレベル, 1
ハウス, 1
ハゲ, 1
ハシ, 1
ハシゴ, 1
ハジメノイッポダ, 1
ハスキーボイス, 1
ハチ公, 1
ハデ, 1
ハマら, 1
ハマる, 1
ハヤ, 1
ハヤクオワリタイ, 1
ハラモヘッタヨ, 1
ハンカチーフ, 1
ハンサム, 1
バー, 1
バースト, 1
バイト, 1
バテ, 1
バネ, 1
バランス, 1
バリア, 1
バレ, 1
バン, 1
バンド, 1
パー, 1
パチンコ, 1
パパ, 1
パラドックス, 1
パラパラ, 1
パルス, 1
パンツ, 1
パンパン, 1
ヒール, 1
ヒマツブシ, 1
ヒワイ, 1
ビール, 1
ビギナー, 1
ビジネス, 1
ビデオ, 1
ビビら, 1
ビビる, 1
ビリビリ, 1
ビルディング, 1
ピース, 1
ピエロ, 1
ピュア, 1
ピンピン, 1
ファー, 1
ファイル, 1
ファウル, 1
ファミコン, 1
ファン, 1
フイ, 1
フォーム, 1
フォト, 1
フシギ, 1
フシダラ, 1
フツー, 1
フトン, 1
フムキ, 1
フライデー, 1
フライト, 1
フラジャイル, 1
フレッシュ, 1
フロア, 1
フロント, 1
ブーム, 1
ブッ, 1
ブライド, 1
ブラウン, 1
ブラック, 1
ブランコ, 1
ブルーベリィ, 1
ブレーキ, 1
ブロック, 1
ブロンコ・ビリー, 1
プア, 1
プラス, 1
プラン, 1
プレイ, 1
プレッシャー, 1
プロ, 1
プロセス, 1
ヘアスタイル, 1
ヘコ, 1
ヘタクソ, 1
ヘラ, 1
ベ, 1
ベジタブル, 1
ベソ, 1
ベタ, 1
ベタボレ, 1
ベト, 1
ベレー, 1
ペース, 1
ペイン, 1
ペン, 1
ホイッスル, 1
ホシ, 1
ホスピタル, 1
ホット, 1
ホテル, 1
ホレ, 1
ホワイ, 1
ホワイト, 1
ホントニコレデイイノ, 1
ボー, 1
ボーイ, 1
ボケッ, 1
ボス, 1
ボヤき, 1
ポ, 1
ポンコツカー, 1
マーブル, 1
マーヴィンゲイ, 1
マイナス, 1
マイニチヒガノボリ, 1
マイペース, 1
マイレージ, 1
マエ, 1
マガイモノ, 1
マグワイ, 1
マジ, 1
マスク, 1
マスター, 1
マズ, 1
マダウシナッチャイナイ, 1
マダハジマッチャイナイ, 1
マニキュア, 1
マネ, 1
マネキンヴィレッジ, 1
マフラー, 1
ミ・ラ・イ, 1
ミステイク, 1
ミステリアス, 1
ミミズ, 1
ミモザ, 1
ミャオミャオ, 1
ムキになっ, 1
ムシ, 1
ムズムズ, 1
ムダ, 1
ムチウチ, 1
メイン, 1
メシハマダカ, 1
メマイ, 1
メリハリ, 1
モーテル, 1
モード, 1
モール, 1
モウスグデ, 1
モヤモヤ, 1
ヤケ, 1
ヤケド, 1
ヤッテランナイベイベ, 1
ヤバイ, 1
ヤボ, 1
ヤメテ, 1
ヤラセ, 1
ヤレ, 1
ヤロウ, 1
ユートピア, 1
ユトリ, 1
ヨロコビカナシミ, 1
ヨロシク, 1
ヨロヨロ, 1
ライバル, 1
ライフスタイル, 1
ライブ, 1
ラッキ, 1
ラッキー, 1
ラッパ, 1
ラブ, 1
ラブユー, 1
ランデヴー, 1
リアル, 1
リクエスト, 1
リスントウミーピープル, 1
リピート, 1
リムジン, 1
リレーションシップ, 1
リンス, 1
リンダ, 1
レ, 1
レース, 1
レール, 1
レッスン, 1
レモネード, 1
レモンティー, 1
ロード, 1
ローラーコースター, 1
ロッカー, 1
ロックン・ロール, 1
ロックンロール, 1
ロビー, 1
ワイフ, 1
ワゴン, 1
ワタ, 1
ワレメ, 1
ヴォイス, 1
哀し, 1
哀しかっ, 1
哀れ, 1
哀愁, 1
愛し合い, 1
愛人, 1
逢っ, 1
悪う, 1
悪しき, 1
悪気, 1
悪口, 1
握りしめる, 1
握り締め, 1
安泰, 1
暗やみ, 1
暗雲, 1
以心伝心, 1
偉大, 1
威張り, 1
意義, 1
意志, 1
易しい, 1
異国, 1
移り変わっ, 1
胃, 1
萎ま, 1
萎れる, 1
衣装, 1
育ち, 1
育て, 1
一言, 1
一糸, 1
一色, 1
一人ぼっち, 1
一切, 1
一途, 1
一片, 1
一夜漬け, 1
一理, 1
稲妻, 1
因果, 1
因果応報, 1
引い, 1
引き, 1
引き換え, 1
引き寄せる, 1
引き合い, 1
引き止め, 1
引き返す, 1
引き裂か, 1
引っぱら, 1
引っぱる, 1
飲みこま, 1
飲みこも, 1
飲みこん, 1
飲み干し, 1
飲み込み, 1
飲み込む, 1
飲み込め, 1
飲め, 1
飲める, 1
隠せる, 1
隠れ, 1
右, 1
右左, 1
羽ばたい, 1
羽根, 1
雨だれ, 1
雨雲, 1
雨降り, 1
雨上がり, 1
渦巻い, 1
唄, 1
唄う, 1
運ば, 1
運ぶ, 1
映える, 1
映さ, 1
映し出す, 1
映画, 1
栄光, 1
泳げ, 1
鋭く, 1
駅前, 1
悦ば, 1
悦び, 1
越えりゃ, 1
越える, 1
越えれ, 1
宴会, 1
延々と, 1
煙, 1
縁遠い, 1
遠ざかっ, 1
遠吠え, 1
凹ん, 1
奥歯, 1
押さ, 1
押さえ, 1
押し付け, 1
横, 1
横たわる, 1
横切れ, 1
横浜, 1
王国, 1
岡, 1
沖, 1
乙女, 1
温泉, 1
仮面, 1
何故か, 1
何事, 1
何時, 1
可愛く, 1
家族, 1
家路, 1
果敢, 1
果実, 1
歌謡, 1
火あぶり, 1
火の手, 1
火星, 1
稼ぐ, 1
華, 1
華やい, 1
華やぐ, 1
過ぎよ, 1
過ごす, 1
過ごせる, 1
過ち, 1
過剰, 1
我が, 1
我ら, 1
画面, 1
芽ぶく, 1
会えれ, 1
会お, 1
会わ, 1
会社, 1
解き, 1
解き放た, 1
解き放っ, 1
解く, 1
解ける, 1
回し, 1
回す, 1
回ら, 1
回りくどい, 1
回る, 1
回数, 1
回路, 1
塊, 1
怪しげ, 1
怪物, 1
悔し, 1
悔しい, 1
悔やま, 1
悔やみ, 1
悔やん, 1
海沿い, 1
皆, 1
絵の具, 1
絵描き, 1
開い, 1
開か, 1
開きなおっ, 1
開け放っ, 1
階段, 1
外車, 1
外人, 1
街灯, 1
確たる, 1
確率, 1
覚めれ, 1
革命, 1
学べる, 1
学ん, 1
学生, 1
楽しま, 1
楽しみ, 1
楽しめよ, 1
楽しめる, 1
楽しん, 1
楽ちん, 1
楽器, 1
掛け, 1
割っ, 1
活き, 1
活気, 1
渇き, 1
滑り, 1
滑り落ち, 1
滑稽, 1
叶えよ, 1
鞄, 1
噛み, 1
噛みしめ, 1
噛みしめる, 1
噛み砕い, 1
噛み締め, 1
噛む, 1
瓦, 1
乾かす, 1
巻きこむ, 1
巻き込ま, 1
完璧, 1
干し, 1
敢, 1
歓べ, 1
汗だく, 1
緩やか, 1
肝, 1
貫く, 1
貫こ, 1
間にあわせ, 1
間違え, 1
間抜け, 1
丸め, 1
含む, 1
岩, 1
頑固, 1
頑丈, 1
頑張っ, 1
危なかっ, 1
危なげ, 1
喜怒哀楽, 1
寄せる, 1
寄っ, 1
寄り, 1
寄り添う, 1
幾, 1
期限, 1
棄て, 1
機関, 1
機微, 1
帰す, 1
帰り道, 1
帰れ, 1
気がかり, 1
気がつい, 1
気がつきゃ, 1
気づきゃ, 1
気づく, 1
気に入っ, 1
気に入ら, 1
気の毒, 1
気まぐれ, 1
気まま, 1
気圧され, 1
気温, 1
気持ちよ, 1
気持ちよかっ, 1
気持ちよく, 1
気持ち良く, 1
気付い, 1
気付か, 1
汽笛, 1
祈れ, 1
祈ろ, 1
貴方, 1
起きあがる, 1
起き出し, 1
起き上がる, 1
起こそ, 1
軌道, 1
飢える, 1
飢餓, 1
鬼, 1
技, 1
疑う, 1
疑心暗鬼, 1
詰まる, 1
客, 1
逆, 1
逆らう, 1
逆らえ, 1
逆らっ, 1
逆境, 1
休まる, 1
吸いこま, 1
吸いこみ, 1
吸い込ま, 1
吸い込め, 1
吸血鬼, 1
急い, 1
急ぎ足, 1
救い, 1
救え, 1
朽ち果て, 1
求める, 1
泣ける, 1
球場, 1
去年, 1
居る, 1
拒む, 1
拒ん, 1
拠り所, 1
挙句, 1
漁ら, 1
共に, 1
共犯, 1
叫び声, 1
強がり, 1
強がる, 1
強み, 1
強情, 1
強力, 1
強烈, 1
教師, 1
狂う, 1
胸元, 1
脅さ, 1
脅し, 1
響かせ, 1
響きわたっ, 1
響け, 1
驚い, 1
驚く, 1
仰山, 1
曲がっ, 1
曲げ, 1
僅か, 1
近い, 1
近づける, 1
近づこ, 1
近寄り, 1
近頃, 1
近所, 1
金星, 1
金網, 1
金輪際, 1
苦く, 1
苦しく, 1
苦しゅう, 1
苦しん, 1
苦手, 1
苦痛, 1
駆ける, 1
駆け抜け, 1
愚か, 1
愚図, 1
愚痴っ, 1
喰らい, 1
空き, 1
空しい, 1
空気, 1
空港, 1
空中, 1
空白, 1
空模様, 1
隅, 1
勲章, 1
兄弟, 1
形勢, 1
経つ, 1
繋がり, 1
繋ぎ, 1
蛍, 1
計る, 1
警察, 1
軽, 1
軽い, 1
軽やか, 1
劇的, 1
撃た, 1
撃ち殺し, 1
隙, 1
欠片, 1
決して, 1
決めつけ, 1
決めれ, 1
結ば, 1
結ん, 1
結婚式, 1
血まなこ, 1
血管, 1
月明かり, 1
月夜, 1
月曜, 1
剣, 1
堅く, 1
懸命, 1
拳銃, 1
研ぎ, 1
見いだす, 1
見おろし, 1
見おろせ, 1
見せりゃ, 1
見つかっ, 1
見つかり, 1
見つけれ, 1
見つめよ, 1
見つめりゃ, 1
見なれ, 1
見ろ, 1
見違える, 1
見下さ, 1
見下ろさ, 1
見下ろす, 1
見下ろせ, 1
見覚え, 1
見慣れ, 1
見極め, 1
見向き, 1
見事, 1
見失っ, 1
見失わ, 1
見捨て, 1
見上げりゃ, 1
見上げれ, 1
見切り, 1
見送れ, 1
見渡し, 1
見渡せ, 1
見渡せる, 1
見逃さ, 1
見透かす, 1
見届け, 1
見届けよ, 1
見紛う, 1
見返り, 1
見放す, 1
見飽き, 1
謙虚, 1
賢く, 1
遣い, 1
弦, 1
減らし, 1
減り, 1
現し, 1
現在, 1
現場, 1
現状, 1
言いだし, 1
言いなり, 1
言い出せ, 1
言い争い, 1
言い伝え, 1
言い分, 1
言わし, 1
限り, 1
個性, 1
古き, 1
古く, 1
呼ば, 1
呼び戻し, 1
呼べ, 1
固まり, 1
誇らしげ, 1
誇り, 1
誇ろ, 1
五月, 1
午前, 1
後で, 1
後遺症, 1
後生大事, 1
後輩, 1
御, 1
悟っ, 1
悟ら, 1
悟り, 1
語っ, 1
語り, 1
語りあう, 1
語りあっ, 1
鯉, 1
交わる, 1
光り, 1
光れ, 1
光線, 1
厚化粧, 1
口ぐせ, 1
口元, 1
口数, 1
口説ける, 1
口先, 1
口走る, 1
向かい合う, 1
向かう, 1
垢, 1
好き嫌い, 1
好み, 1
好奇, 1
好調, 1
広い, 1
広がっ, 1
慌ただしく, 1
慌てる, 1
杭, 1
構う, 1
港, 1
甲斐性, 1
硬い, 1
硬派, 1
紅い, 1
紅く, 1
紅茶, 1
紅蓮の炎, 1
絞め, 1
絞り出し, 1
絞り出す, 1
考えりゃ, 1
考えろ, 1
考え込ん, 1
荒く, 1
荒っぽく, 1
荒らし, 1
荒れ狂う, 1
荒波, 1
荒涼たる, 1
行き詰る, 1
行き止まり, 1
行なわ, 1
行先, 1
降りそそげ, 1
降りれ, 1
降り出し, 1
項, 1
香っ, 1
香水, 1
高らか, 1
高級, 1
高鳴り, 1
合え, 1
合っ, 1
合わし, 1
合わせよ, 1
豪雨, 1
豪傑, 1
刻ま, 1
刻み, 1
刻も, 1
告げれ, 1
国民, 1
酷い, 1
酷く, 1
黒, 1
黒髪, 1
惚れる, 1
骨, 1
込める, 1
今に, 1
今にも, 1
今や, 1
今時, 1
今朝, 1
今晩, 1
困る, 1
困難, 1
恨みつらみ, 1
恨ん, 1
根こそぎ, 1
根雪, 1
紺碧, 1
些細, 1
左, 1
差しだそ, 1
差し迫っ, 1
差す, 1
砂ぼこり, 1
砂浜, 1
座ぶとん, 1
座席, 1
最強, 1
最高峰, 1
最終, 1
最先端, 1
最前線, 1
最善, 1
最中, 1
最低, 1
塞がり, 1
塞ぐ, 1
彩る, 1
済ませ, 1
済む, 1
砕か, 1
砕く, 1
祭り, 1
細め, 1
裁け, 1
裁判, 1
材料, 1
罪悪, 1
罪深き, 1
財力, 1
冴え, 1
咲かす, 1
咲かせよ, 1
咲きみだれる, 1
作り, 1
作り出す, 1
作ろ, 1
削っ, 1
昨今, 1
匙, 1
殺那, 1
雑学, 1
晒さ, 1
晒す, 1
三々五々, 1
山脈, 1
惨憺, 1
撒か, 1
散々, 1
散らばっ, 1
散漫, 1
桟橋, 1
燦然, 1
産物, 1
讃え, 1
残さ, 1
残ら, 1
残らず, 1
残り, 1
残高, 1
残酷, 1
残像, 1
残念, 1
仕向け, 1
仕草, 1
使い果たし, 1
使い果たす, 1
使え, 1
使っ, 1
刺し違え, 1
始めりゃ, 1
始発, 1
姿勢, 1
子ども, 1
子犬, 1
子羊, 1
志, 1
思いおこし, 1
思いこま, 1
思いこも, 1
思いだそ, 1
思いつい, 1
思いつめりゃ, 1
思い残す, 1
思い出さ, 1
思い出せる, 1
思い上がり, 1
思い知っ, 1
思い知り, 1
思い知る, 1
思い浮かべる, 1
思わせぶり, 1
指さし, 1
指し, 1
支払い, 1
施し, 1
止ま, 1
止まりゃ, 1
止む, 1
死, 1
死に, 1
紫, 1
脂肪, 1
視点, 1
詩, 1
試さ, 1
試し, 1
飼い, 1
歯, 1
歯がゆ, 1
歯医者, 1
歯車, 1
事, 1
事故, 1
事実, 1
事前, 1
似合わ, 1
持た, 1
持ち, 1
持つ, 1
持て, 1
持てる, 1
時々, 1
時には, 1
時価, 1
時期, 1
時代遅れ, 1
耳慣れ, 1
自我, 1
自画, 1
自惚れ, 1
自在, 1
自然, 1
自尊心, 1
自体, 1
自転車, 1
雫, 1
七色, 1
叱り, 1
執り, 1
執念深い, 1
失態, 1
実は, 1
実体, 1
芝生, 1
捨てろ, 1
捨て身, 1
斜め, 1
煮つまっ, 1
社交, 1
謝っ, 1
謝れ, 1
車線, 1
車輪, 1
邪魔, 1
灼け, 1
寂しく, 1
寂しげ, 1
弱く, 1
弱っ, 1
弱気, 1
弱虫, 1
主義, 1
主題, 1
主役, 1
取ら, 1
取り違え, 1
取り巻い, 1
取り去っ, 1
取り返し, 1
取り戻せ, 1
取り戻せる, 1
取り乱す, 1
守れ, 1
守れる, 1
手あか, 1
手ぐすね, 1
手ごたえ, 1
手すり, 1
手玉, 1
手軽, 1
手作り, 1
手持ち, 1
手探り, 1
手帳, 1
手渡し, 1
手渡す, 1
手柄, 1
手放し, 1
手放す, 1
朱, 1
殊, 1
種類, 1
腫れ, 1
酒, 1
首都, 1
首尾, 1
受けとめよ, 1
受ける, 1
受け継が, 1
受け止め, 1
呪う, 1
授かっ, 1
周り, 1
拾っ, 1
終, 1
終え, 1
終わろ, 1
習慣, 1
習性, 1
襲いかかり, 1
週, 1
醜い, 1
住み慣れ, 1
住む, 1
十, 1
十分, 1
従え, 1
柔かい, 1
渋く, 1
重々, 1
重なり, 1
重なり合っ, 1
重ねれ, 1
重圧, 1
重荷, 1
銃弾, 1
宿, 1
祝い, 1
祝う, 1
祝っ, 1
祝日, 1
出かける, 1
出し切る, 1
出し切れ, 1
出つくし, 1
出逢う, 1
出逢え, 1
出会える, 1
出直そ, 1
出来事, 1
述べ, 1
瞬く, 1
潤ま, 1
潤ん, 1
純, 1
純愛, 1
巡り会え, 1
順々, 1
順風, 1
初心, 1
初対面, 1
暑, 1
暑けれ, 1
書きとめ, 1
書く, 1
書こ, 1
諸行無常, 1
助かり, 1
助手, 1
女性, 1
傷つか, 1
傷み, 1
傷口, 1
勝ち, 1
勝っ, 1
勝て, 1
唱え, 1
宵, 1
小さい, 1
小さかっ, 1
小出し, 1
小心, 1
小説, 1
小僧, 1
小突い, 1
少なかれ, 1
招い, 1
昇れ, 1
松本, 1
沼, 1
消息, 1
焼か, 1
焼きつけ, 1
焦がそ, 1
焦げつい, 1
焦る, 1
照らさ, 1
照らせる, 1
症状, 1
笑い事, 1
笑い声, 1
笑い飛ばし, 1
笑い飛ばす, 1
笑い飛ばせる, 1
笑えりゃ, 1
笑われる, 1
上がっ, 1
上面, 1
上目, 1
丈夫, 1
乗っかっ, 1
乗ら, 1
乗りきりゃ, 1
乗り換え, 1
乗り継い, 1
乗り切る, 1
乗れ, 1
城, 1
場, 1
常, 1
情け, 1
情けな, 1
情けなく, 1
情勢, 1
条件, 1
譲っ, 1
譲れ, 1
飾る, 1
拭わ, 1
色あせ, 1
色づく, 1
色めく, 1
触っ, 1
触り, 1
触れ合っ, 1
食い上げ, 1
食お, 1
食らいつこ, 1
食料, 1
蝕ま, 1
尻, 1
尻尾, 1
伸ばし, 1
伸ばす, 1
伸び, 1
信じれ, 1
信念, 1
寝ころん, 1
寝苦しい, 1
寝静まっ, 1
心がけ, 1
心意気, 1
心情, 1
心地, 1
心変わり, 1
慎重, 1
振り回し, 1
振り向か, 1
振り子, 1
振り切ら, 1
振り返り, 1
振り返れ, 1
振る, 1
振る舞っ, 1
振ろ, 1
新, 1
新し, 1
新しく, 1
新た, 1
新鮮, 1
森羅万象, 1
深, 1
深き, 1
深海, 1
深紅, 1
深夜, 1
真っすぐ, 1
真っ青, 1
真っ直ぐ, 1
真っ白, 1
真夏, 1
真空, 1
真紅, 1
真骨頂, 1
真昼, 1
真白い, 1
神, 1
神さま, 1
神社, 1
神出鬼没, 1
神秘, 1
芯, 1
親父, 1
身の程, 1
身内, 1
辛, 1
進も, 1
震わす, 1
人気, 1
人種, 1
人情, 1
人知れず, 1
人望, 1
塵, 1
図, 1
吹か, 1
吹かし, 1
吹きかける, 1
吹き抜け, 1
吹き飛ばし, 1
吹く, 1
吹っ切っ, 1
吹雪, 1
垂れ, 1
水飲み, 1
睡蓮, 1
粋, 1
酔いしれ, 1
酔いつぶれ, 1
酔う, 1
酔っぱらう, 1
酔っ払い, 1
澄ま, 1
澄まし, 1
澄みきっ, 1
世紀, 1
凄い, 1
制服, 1
性, 1
性根, 1
成果, 1
政府, 1
星屑, 1
星座, 1
晴らし, 1
晴れやか, 1
晴れる, 1
晴れわたる, 1
晴れ渡る, 1
晴天, 1
正しく, 1
正念場, 1
正面, 1
清く, 1
生え, 1
生き延び, 1
生き残る, 1
生き抜い, 1
生まれたて, 1
生まれつき, 1
生まれ変わり, 1
生まれ変わる, 1
生み, 1
生む, 1
生ん, 1
生涯, 1
生物, 1
盛り上がり, 1
盛り上がろ, 1
盛り沢山, 1
精, 1
精一杯, 1
精神, 1
聖人, 1
西, 1
誓い, 1
誓お, 1
誓っ, 1
請けおっ, 1
青ざめ, 1
青筋, 1
青少年, 1
青天, 1
青二才, 1
青白い, 1
静まり返り, 1
脆い, 1
席, 1
惜しくも, 1
惜しむ, 1
石ころ, 1
石鹸, 1
積み重なる, 1
積み重ね, 1
積み上げ, 1
積もり, 1
責務, 1
赤く, 1
赤ちゃん, 1
跡, 1
切な, 1
切ない, 1
切りとる, 1
切り捨て, 1
切り取っ, 1
節操, 1
雪崩, 1
絶え絶え, 1
絶っ, 1
蝉, 1
先走る, 1
先立つ, 1
戦っ, 1
戦わ, 1
戦士, 1
戦場, 1
洗い, 1
洗い流し, 1
洗い流せ, 1
洗う, 1
洗え, 1
洗っ, 1
染みる, 1
潜める, 1
潜り, 1
線路, 1
繊細, 1
羨み, 1
羨ん, 1
選ば, 1
選び, 1
銭, 1
閃く, 1
鮮烈, 1
礎, 1
素っ気, 1
素っ裸, 1
素顔, 1
素肌, 1
素面, 1
組ま, 1
訴え, 1
壮大, 1
掻きむしる, 1
掻き回さ, 1
操る, 1
早, 1
総額, 1
草原, 1
走ら, 1
走り出しゃ, 1
走り抜ける, 1
送っ, 1
送る, 1
送れ, 1
騒ぎ, 1
騒ぐ, 1
騒音, 1
増える, 1
憎たらしい, 1
憎たらしく, 1
憎ま, 1
憎む, 1
憎らしい, 1
憎ん, 1
側, 1
息巻い, 1
足どり, 1
足早, 1
速度, 1
続き, 1
袖, 1
多, 1
多かれ, 1
多き, 1
多く, 1
太い, 1
太っ腹, 1
唾, 1
惰性, 1
打た, 1
打ち上げ, 1
打ち明け, 1
打つ, 1
駄目, 1
体たらく, 1
体裁, 1
体制, 1
体勢, 1
体調, 1
体力, 1
対人, 1
耐えがたい, 1
耐えれ, 1
耐え抜い, 1
待たさ, 1
待ちこがれ, 1
待ちわび, 1
待ち合わせ, 1
待ち受ける, 1
待ち焦がれる, 1
怠慢, 1
態度, 1
滞ら, 1
貸し切り, 1
代わり, 1
台無し, 1
大いなる, 1
大ざっぱ, 1
大した, 1
大家, 1
大義, 1
大空, 1
大差, 1
大人ぶっ, 1
大人ぶら, 1
大変, 1
大粒, 1
大量, 1
叩く, 1
奪い合い, 1
奪え, 1
脱がさ, 1
脱ぎ, 1
棚, 1
谷, 1
単位, 1
単語, 1
探しあてよ, 1
探し求め, 1
淡く, 1
短め, 1
端, 1
耽っ, 1
耽る, 1
耽美, 1
鍛え, 1
断ち切れ, 1
断れ, 1
断崖, 1
断然, 1
値打ち, 1
知ったかぶり, 1
知らせる, 1
知り合い, 1
知ろ, 1
知恵, 1
知性, 1
地下鉄, 1
地帯, 1
地雷, 1
恥じらい, 1
恥じらう, 1
恥ずかしい, 1
置か, 1
蜘蛛, 1
遅れる, 1
築い, 1
着物, 1
中身, 1
仲間はずれ, 1
仲良かっ, 1
忠実, 1
昼過ぎ, 1
注ぐ, 1
虫歯, 1
丁度, 1
丁寧, 1
兆し, 1
挑む, 1
挑め, 1
朝帰り, 1
朝夕, 1
朝陽, 1
朝露, 1
潮, 1
潮風, 1
町内, 1
眺めりゃ, 1
眺めれ, 1
蝶, 1
超, 1
超え, 1
長く, 1
長め, 1
長期, 1
長電話, 1
直し, 1
直ちに, 1
直情, 1
沈み, 1
沈めよ, 1
沈も, 1
珍, 1
珍事, 1
鎮め, 1
追いかけれ, 1
追いこん, 1
追い込む, 1
追い抜い, 1
追っ, 1
痛む, 1
痛めつけ, 1
通り, 1
通り過ぎ, 1
通り過ぎる, 1
通り抜ける, 1
通帳, 1
潰さ, 1
爪先, 1
低い, 1
低く, 1
停め, 1
堤防, 1
定め, 1
定番, 1
底無し, 1
締め, 1
泥沼, 1
溺れる, 1
哲学, 1
鉄, 1
天国, 1
添え, 1
纏い, 1
転がろ, 1
転ん, 1
点数, 1
伝える, 1
伝わら, 1
田舎, 1
田中, 1
電光石火, 1
吐き, 1
吐きだす, 1
吐き出し, 1
吐き出す, 1
吐く, 1
吐こ, 1
妬け, 1
妬ん, 1
渡れよ, 1
登ろ, 1
都会, 1
度, 1
土, 1
土地, 1
怒っ, 1
怒らし, 1
怒り狂っ, 1
怒鳴っ, 1
怒鳴ら, 1
怒鳴り, 1
倒れ, 1
倒れる, 1
凍え, 1
凍える, 1
凍りつく, 1
刀, 1
島, 1
投げだし, 1
投げつける, 1
東, 1
東雲, 1
東京, 1
盗み, 1
湯水, 1
灯ら, 1
灯台, 1
燈, 1
当たり, 1
踏み, 1
踏みこむ, 1
踏みしめ, 1
踏みださ, 1
踏みつけ, 1
踏みにじり, 1
踏み込ん, 1
踏み出し, 1
踏み出す, 1
踏み鳴らし, 1
踏ん, 1
踏ん張ら, 1
逃がし, 1
逃げだす, 1
逃げ腰, 1
逃げ場, 1
逃れ, 1
透きとおる, 1
頭ごなし, 1
頭痛, 1
働い, 1
動かさ, 1
動かし, 1
動き, 1
動きだす, 1
動き出す, 1
動悸, 1
同級生, 1
導, 1
導か, 1
導き, 1
導く, 1
道しるべ, 1
道のり, 1
道行く, 1
道端, 1
道中, 1
峠, 1
得がたい, 1
得意, 1
特に, 1
特有, 1
独りよがり, 1
独り身, 1
独身, 1
読み, 1
読み解き, 1
突きつけ, 1
突きぬけ, 1
突き放す, 1
突っ走る, 1
突っ張る, 1
呑みこま, 1
呑む, 1
曇らせ, 1
曇り, 1
曇る, 1
鈍る, 1
鈍感, 1
内燃, 1
内容, 1
馴れ合い, 1
馴れ合う, 1
難し, 1
難解, 1
二の次, 1
賑わう, 1
日持ち, 1
日射し, 1
日本, 1
乳房, 1
入ら, 1
入りびたり, 1
入れよ, 1
入江, 1
如か, 1
如何, 1
任す, 1
認める, 1
濡らし, 1
濡れよ, 1
熱帯夜, 1
年, 1
年上, 1
年齢, 1
念じ, 1
念入り, 1
燃えさかる, 1
燃えつき, 1
燃え上がっ, 1
燃え尽きよ, 1
燃やせ, 1
燃やそ, 1
燃料, 1
悩も, 1
濃密, 1
能書き, 1
波うっ, 1
波動, 1
波乱, 1
破る, 1
破片, 1
破廉恥, 1
罵ら, 1
馬, 1
背負っ, 1
買い戻せ, 1
買え, 1
売れれ, 1
這いつくばっ, 1
剥がれる, 1
剥き出し, 1
白, 1
白ん, 1
薄闇, 1
八方美人, 1
髪形, 1
罰, 1
抜く, 1
抜け殻, 1
抜け出, 1
抜け出し, 1
半, 1
半端, 1
半年, 1
反骨, 1
帆, 1
犯さ, 1
犯し, 1
犯罪, 1
煩悩, 1
番号, 1
卑怯, 1
彼方, 1
悲し, 1
悲しま, 1
悲しむ, 1
費用, 1
非, 1
非常, 1
非常識, 1
非力, 1
飛ばす, 1
飛びこん, 1
飛び越えろ, 1
飛び交う, 1
飛び込む, 1
飛び込め, 1
飛び散っ, 1
飛び散ら, 1
飛び散れ, 1
備え, 1
尾, 1
微か, 1
美し, 1
美酒, 1
美味い, 1
鼻息, 1
膝, 1
百聞, 1
漂う, 1
描か, 1
描く, 1
描ける, 1
病状, 1
不, 1
不安定, 1
不覚, 1
不完全, 1
不幸せ, 1
不自由, 1
不詳, 1
不精, 1
不当, 1
不動, 1
不道徳, 1
不能, 1
不平等, 1
不滅, 1
不毛, 1
付か, 1
普段, 1
浮かび, 1
浮く, 1
浮べ, 1
浮世, 1
父さん, 1
腐る, 1
負け犬, 1
負っ, 1
撫で, 1
舞いあがる, 1
部分, 1
風向き, 1
風前の灯, 1
腹立つ, 1
覆う, 1
淵, 1
払い, 1
払う, 1
物, 1
物語, 1
物思い, 1
物足りない, 1
分かつ, 1
分から, 1
分かる, 1
分かれ, 1
分け, 1
分け与え, 1
分厚い, 1
噴, 1
奮い, 1
奮い立ち, 1
雰囲気, 1
文芸, 1
文字, 1
聞き覚え, 1
聞き分け, 1
兵器, 1
兵隊, 1
平ら, 1
平気, 1
平凡, 1
並べ, 1
並べ立て, 1
閉ざす, 1
閉じこめよ, 1
閉まっ, 1
閉まり, 1
閉めよ, 1
別れ話, 1
変えよ, 1
変えれ, 1
変わろ, 1
変幻, 1
片, 1
片隅, 1
返し, 1
返せる, 1
歩, 1
歩か, 1
歩ける, 1
歩みよっ, 1
歩道, 1
暮し, 1
母, 1
母さん, 1
包み込む, 1
包め, 1
呆気, 1
呆然と, 1
報い, 1
宝石, 1
崩れ, 1
抱えこん, 1
抱きしめりゃ, 1
抱きすくめる, 1
抱きつい, 1
抱きつきゃ, 1
抱きつく, 1
抱き合お, 1
抱き締めよ, 1
抱き締める, 1
抱く, 1
捧げ, 1
放た, 1
放り出し, 1
放課後, 1
方角, 1
法律, 1
縫い, 1
縫っ, 1
褒美, 1
訪れ, 1
豊か, 1
亡霊, 1
傍, 1
忘, 1
忘れかける, 1
忙しく, 1
暴れだし, 1
暴れる, 1
暴れ出し, 1
冒さ, 1
膨らみ, 1
吠える, 1
北風, 1
本, 1
本位, 1
本屋, 1
本音, 1
本日, 1
翻る, 1
磨け, 1
磨り, 1
埋まる, 1
枕, 1
万, 1
万能, 1
満, 1
満たす, 1
満ち足り, 1
満員, 1
味わい深く, 1
味わっ, 1
未熟, 1
未来永劫, 1
未練がましい, 1
密か, 1
脈打っ, 1
眠ろ, 1
夢見る, 1
無, 1
無くせ, 1
無し, 1
無菌, 1
無垢, 1
無事, 1
無心, 1
無神経, 1
無数, 1
無茶, 1
無鉄砲, 1
無理やり, 1
無礼, 1
名誉, 1
命とり, 1
明かす, 1
明るく, 1
鳴く, 1
鳴り出し, 1
面倒臭, 1
面倒臭い, 1
面白, 1
面白く, 1
茂み, 1
毛皮, 1
毛布, 1
盲目, 1
儲け, 1
木枯らし, 1
木漏れ日, 1
黙り, 1
目ざす, 1
目ざめる, 1
目覚まし, 1
目指し, 1
目先, 1
目的, 1
目付き, 1
戻し, 1
戻れる, 1
問いかけ, 1
問う, 1
夜中, 1
夜通し, 1
野原, 1
野次, 1
野放し, 1
役, 1
役に立た, 1
躍る, 1
諭さ, 1
唯一, 1
優雅, 1
勇猛, 1
友達, 1
憂さ, 1
有り, 1
有無, 1
有名人, 1
有様, 1
湧き, 1
誘っ, 1
遊ば, 1
夕, 1
夕焼け, 1
夕日, 1
誉め, 1
誉めろ, 1
預かっ, 1
預け, 1
揺さぶら, 1
揺るが, 1
揺れ動く, 1
曜日, 1
様子, 1
洋服, 1
溶かす, 1
葉っぱ, 1
要するに, 1
要ら, 1
要る, 1
要領, 1
踊, 1
陽炎, 1
欲しかっ, 1
欲ばり, 1
浴びせ, 1
浴びる, 1
来そ, 1
来月, 1
頼む, 1
雷雨, 1
雷鳴, 1
絡み, 1
絡みつく, 1
絡み合う, 1
落ちつか, 1
落ちよ, 1
落ち込ん, 1
落ち着い, 1
落ち着か, 1
落ち着く, 1
落ち着け, 1
落ち葉, 1
利か, 1
利口, 1
理不尽, 1
裏庭, 1
離そ, 1
離れよ, 1
離れ離れ, 1
立たす, 1
立ちあがる, 1
立ちつくせ, 1
立ち込め, 1
立ち止まる, 1
立ち上がる, 1
立ち上がろ, 1
立ち直れる, 1
立て直し, 1
掠れ, 1
流せる, 1
流れ落ち, 1
流れ落ちる, 1
溜まる, 1
溜息, 1
旅先, 1
旅立っ, 1
旅立てる, 1
旅路, 1
両方, 1
良い, 1
良き, 1
良し, 1
緑, 1
林, 1
淋しい, 1
淋しく, 1
臨界, 1
隣, 1
涙腺, 1
冷た, 1
冷戦, 1
冷蔵庫, 1
励まし, 1
励め, 1
鈴, 1
麗し, 1
麗しい, 1
歴史, 1
裂こ, 1
恋し, 1
恋しい, 1
恋しく, 1
憐れみ, 1
憐れん, 1
蓮華, 1
連れ去る, 1
連れ込む, 1
連れ出し, 1
路, 1
労, 1
弄べ, 1
老い, 1
老人, 1
六, 1
話しかけ, 1
話せる, 1
腕時計, 1
侘し, 1
凛, 1
嗅ぎ, 1
囁き, 1
埒, 1
毀, 1
嵌っ, 1
憑かれ, 1
揉める, 1
朧気, 1
沁み, 1
洟垂れ, 1
洒落, 1
淹, 1
滲ん, 1
疼い, 1
疼き, 1
眩しく, 1
睨みつけ, 1
睨みつける, 1
睨ん, 1
礫, 1
禊, 1
穢, 1
羞恥心, 1
翳り, 1
腑抜け, 1
舐める, 1
茫然, 1
薔薇, 1
蠢い, 1
貪る, 1
贅沢, 1
邯鄲, 1
頷い, 1
12, 2
Across, 2
Ahaha, 2
Alright, 2
Always, 2
And, 2
BA, 2
BE, 2
BLACK, 2
Big, 2
Breathe, 2
Broken, 2
CONTROL, 2
CRAZY, 2
Chance, 2
Crazy, 2
DO, 2
DRlVER, 2
Day, 2
Dear, 2
Fresh, 2
Fu, 2
Gotta, 2
Ha, 2
Heart, 2
Here, 2
Ho, 2
Hot, 2
KNOW, 2
Komachi, 2
Leave, 2
M, 2
MOON, 2
Madonna, 2
Make, 2
Merry, 2
Miss, 2
Morning, 2
NEWS, 2
NG, 2
Need, 2
Nobody, 2
Number, 2
OCEAN, 2
RED, 2
Right, 2
Rock, 2
SHY, 2
SOS, 2
SPARKLING, 2
STOP, 2
Shut, 2
Song, 2
Sorry, 2
Stand, 2
Stickin, 2
Struggle, 2
Sunshine, 2
Superman, 2
TAXY, 2
THING, 2
Thank, 2
Through, 2
Time, 2
Tomorrow, 2
Truth, 2
Tryin, 2
Um, 2
Voice, 2
WANT, 2
WHITE, 2
WOW, 2
Waiting, 2
Wanna, 2
When, 2
White, 2
Who, 2
Yo, 2
affection, 2
after, 2
ah, 2
always, 2
am, 2
ay, 2
beating, 2
believe, 2
big, 2
bit, 2
borderline, 2
broken, 2
bury, 2
care, 2
chance, 2
changing, 2
child, 2
closed, 2
crown, 2
cryin, 2
crying, 2
deep, 2
driven, 2
drowned, 2
enough, 2
everyday, 2
everything, 2
fall, 2
fill, 2
fine, 2
fireball, 2
flyin, 2
forget, 2
found, 2
freedom, 2
friction, 2
full, 2
glow, 2
goin, 2
gossip, 2
guys, 2
ha, 2
heat, 2
home, 2
honey, 2
hurry, 2
hurt, 2
if, 2
independence, 2
liberty, 2
light, 2
lookin, 2
looking, 2
lost, 2
lovely, 2
made, 2
many, 2
matter, 2
mercy, 2
mm, 2
mode, 2
money, 2
much, 2
myself, 2
n, 2
na, 2
new, 2
or, 2
other, 2
place, 2
pleasure, 2
prejudice, 2
primitive, 2
push, 2
really, 2
reflected, 2
reservation, 2
roll, 2
satisfaction, 2
satisfired, 2
scared, 2
serious, 2
shine, 2
side, 2
sight, 2
sit, 2
someday, 2
sound, 2
stained, 2
state, 2
steering, 2
story, 2
sun, 2
temptation, 2
tight, 2
tow, 2
true, 2
turns, 2
wave, 2
wheel, 2
who, 2
words, 2
worry, 2
ya, 2
ー, 2
あおい, 2
あき, 2
あけ, 2
あける, 2
あげれ, 2
あざやか, 2
あせっ, 2
あっという間, 2
あばれ, 2
あぶない, 2
あやふや, 2
あるい, 2
いざ, 2
いたん, 2
いつの間にか, 2
いでよ, 2
いね, 2
いやらしい, 2
いやらしく, 2
うかべ, 2
うずくまっ, 2
うた, 2
うっ, 2
うつむく, 2
うつる, 2
うなずい, 2
うらやましい, 2
うらやましかっ, 2
うらやむ, 2
うり, 2
うるさい, 2
おいしい, 2
おいてけぼり, 2
おえ, 2
おくびょう, 2
おしまい, 2
おっ, 2
おっことし, 2
おとずれる, 2
おのれ, 2
おびえ, 2
おぼれ, 2
おやすみ, 2
おろか, 2
お茶, 2
かえって, 2
かかえ, 2
かくし, 2
かけめぐる, 2
かざす, 2
かすか, 2
かたち, 2
かたっぱし, 2
かち合う, 2
かなた, 2
かまい, 2
かみしめ, 2
からから, 2
からだ, 2
かり, 2
かれる, 2
かろうじて, 2
かわく, 2
かわり, 2
きい, 2
きっかけ, 2
きらめい, 2
きり, 2
きる, 2
ぎないものひとつ, 2
くぐれ, 2
くじける, 2
くだらなかっ, 2
くらう, 2
くり, 2
くりゃ, 2
くわ, 2
けしかけ, 2
けちっ, 2
けっして, 2
けわしい, 2
こえ, 2
こおりつい, 2
こなごな, 2
こぼし, 2
こめ, 2
こらし, 2
こり, 2
こわ, 2
こんなにも, 2
ごみ, 2
さい, 2
さがせ, 2
ささやく, 2
さしのべ, 2
さす, 2
さだめ, 2
さっさと, 2
さみしい, 2
さみしく, 2
さる, 2
しがみつく, 2
したっ, 2
しなやか, 2
しばら, 2
しびれ, 2
しびれる, 2
しぶき, 2
しぼん, 2
しみこん, 2
しゃあない, 2
しゃべり, 2
しよう, 2
しん, 2
じゃんじゃん, 2
す, 2
すき間, 2
すごい, 2
すっぽかし, 2
すませ, 2
すり減らす, 2
すれちがう, 2
すれ違う, 2
ずれ, 2
せこい, 2
せつなく, 2
せめ, 2
ぜったい, 2
そいつ, 2
そっけ, 2
そびえる, 2
たい, 2
たぎる, 2
たたく, 2
ただ中, 2
たとえば, 2
たどっ, 2
たどりつく, 2
たどる, 2
たまらなく, 2
たれ, 2
だまさ, 2
だるい, 2
ちぎれ, 2
ちっとも, 2
ちの, 2
ちゃい, 2
ちょっかい, 2
ちょっとした, 2
ちらし, 2
ついつい, 2
ついに, 2
つかの間, 2
つかまえ, 2
つかまえる, 2
つかまっ, 2
つかん, 2
つきあい, 2
つきあえ, 2
つくり, 2
つじつま, 2
つたい, 2
つつむ, 2
つなが, 2
つなぎ, 2
つなぐ, 2
つのる, 2
つぶす, 2
つまずい, 2
でか, 2
でかい, 2
でっかい, 2
とぎれ, 2
ところ, 2
とじ, 2
とじる, 2
とどか, 2
とどまる, 2
とびだし, 2
とぶ, 2
とめ, 2
とりのこさ, 2
どおり, 2
どしゃ降り, 2
どん, 2
なかっ, 2
なけりゃ, 2
なげ, 2
なごり, 2
なで, 2
なにしろ, 2
なりゃ, 2
なるほど, 2
なんだかんだ, 2
にじむ, 2
ぬぐわ, 2
ねぇ, 2
ねむる, 2
ねむれ, 2
のがれ, 2
のぼせ, 2
のぼりつめ, 2
はい, 2
はがゆい, 2
はぐれ, 2
はじまろ, 2
はずかしい, 2
はやい, 2
はらみ, 2
はり, 2
はりつい, 2
はるか, 2
ひきずる, 2
ひたむき, 2
ひっくりかえそ, 2
ひととき, 2
ひびわれ, 2
ひび割れ, 2
ひろがる, 2
ふい, 2
ふえる, 2
ふせ, 2
ふてくされ, 2
ふと, 2
ふやけ, 2
ふらつく, 2
ふりそそぐ, 2
ふりまわさ, 2
ふりむい, 2
ふりむか, 2
ふるえ, 2
ふるわす, 2
ぶら, 2
ほか, 2
ほどい, 2
ぼう, 2
まえ, 2
まじめ, 2
まじり, 2
まちがい, 2
まちがっ, 2
まっしろ, 2
まぶし, 2
まり, 2
まわし, 2
みえる, 2
みせる, 2
みつから, 2
むかえ, 2
むかっ, 2
むきだし, 2
むくわ, 2
むさぼり, 2
むさぼる, 2
めかし, 2
めくる, 2
めざす, 2
めまぐるしい, 2
めんどくさい, 2
もっ, 2
もったいない, 2
もて, 2
もやし, 2
もれ, 2
もれる, 2
やけに, 2
やってくる, 2
やはり, 2
ゆえに, 2
ゆらめく, 2
ゆるめ, 2
ょわずにずっといつまでも, 2
よけりゃ, 2
よって, 2
らい, 2
りす, 2
わが, 2
わが国, 2
わめい, 2
われる, 2
アクビ, 2
アシタノタメニ, 2
アスファルト, 2
アナタトワタシデサア, 2
アホ, 2
アリガトウ, 2
アルコール, 2
アルバム, 2
ウインド, 2
ウェイティング, 2
ウブ, 2
ウワベ, 2
エンディング, 2
オカズ, 2
オメデトウ, 2
オリ, 2
カガヤクイマニ, 2
カラス, 2
カンジ, 2
カンペキ, 2
キズ, 2
キメナキャイケナイ, 2
ギャンブラー, 2
ギラ, 2
クール, 2
クサイ, 2
クスリ, 2
クタクタ, 2
クロール, 2
ケーキ, 2
ケータイ, 2
ケチ, 2
ケリ, 2
ゲート, 2
コーヒー, 2
コケ, 2
コブシヲニギレ, 2
ゴミ, 2
ゴング, 2
サイコー, 2
サイレン, 2
シカケ, 2
シゴト, 2
システム, 2
ショウ, 2
ショック, 2
ジーンズ, 2
ジゴロ, 2
スッパイ, 2
スネ, 2
スローモーション, 2
セメナキャイケナイ, 2
センセイ, 2
ソコ, 2
ソファー, 2
タイプ, 2
タイミング, 2
ダイス, 2
ダイヤ, 2
ダメダメ, 2
ダンナ, 2
チョコレート, 2
ツボ, 2
ツラ, 2
テキモミカタモナイゾ, 2
ディープキス, 2
デモナニモオコラナイネ, 2
トバナキャイケナイ, 2
トラブル, 2
トラベリンメン, 2
ド, 2
ナシ, 2
ナメ, 2
ナレ, 2
ニュース, 2
ハニー, 2
ハメ, 2
ハラ, 2
バス停, 2
バラード, 2
バレる, 2
パーフェクト, 2
パール, 2
パズル, 2
ビート, 2
ビビっ, 2
ビョーキ, 2
フェイス, 2
フメツノフェイス, 2
フラ, 2
フラチ, 2
フラフラ, 2
フレーズ, 2
フレグランス, 2
プリーズ, 2
プルプル, 2
ヘイ, 2
ヘタ, 2
ベット, 2
ベロ, 2
ベンチ, 2
ホコリ, 2
ホタル, 2
ホラ, 2
ボディ, 2
ポーカー, 2
マーシャル, 2
マンネリ, 2
ミ・ヤ・ビ, 2
ムチ, 2
ムチャ, 2
メリークリスマス, 2
モラル, 2
ヤジ, 2
ヤンナキャイケナイ, 2
ユメ, 2
ユルギナイチカラ, 2
ライヴ, 2
ラジオ, 2
ラスト, 2
ラフ, 2
ラランララン, 2
ランプ, 2
ランボオ, 2
リタイヤ, 2
リング, 2
ルージュ, 2
ルーツ, 2
ルール, 2
ロマンチック, 2
ワイン, 2
ワナ, 2
ワルイユメ, 2
阿呆, 2
愛車, 2
愛想, 2
圧倒的, 2
安い, 2
暗く, 2
偉, 2
囲ま, 2
委ね, 2
意外, 2
椅子, 2
異常, 2
萎え, 2
違い, 2
違和感, 2
一気に, 2
一寸, 2
印象, 2
引き寄せ, 2
引き分け, 2
引け, 2
飲み干そ, 2
飲み込ま, 2
隠す, 2
羽ばたく, 2
渦, 2
欝, 2
栄華, 2
越えよ, 2
遠ざかり, 2
汚れ, 2
押しつぶさ, 2
押し寄せる, 2
殴っ, 2
殴ら, 2
黄金, 2
黄色, 2
黄色い, 2
億, 2
憶病, 2
温もり, 2
穏やか, 2
下手, 2
何だか, 2
何者, 2
価値, 2
家賃, 2
家庭, 2
果てしなく, 2
歌え, 2
歌える, 2
稼い, 2
花束, 2
荷物, 2
壊れる, 2
懐かしい, 2
懐かしく, 2
灰色, 2
貝殻, 2
外, 2
外れ, 2
崖, 2
蓋, 2
獲物, 2
確実, 2
角, 2
学び, 2
楽しも, 2
渇い, 2
滑る, 2
噛ん, 2
乾き, 2
感触, 2
汗ばん, 2
丸い, 2
眼差し, 2
頑張る, 2
願う, 2
危ない, 2
喜ぶ, 2
喜ん, 2
寄り添い, 2
幾つ, 2
機嫌, 2
気づき, 2
気持ち良, 2
気取る, 2
気力, 2
祈っ, 2
起こし, 2
起こら, 2
輝か, 2
犠牲, 2
疑惑, 2
義理, 2
喫茶店, 2
休ん, 2
吸いこん, 2
急げ, 2
泣かさ, 2
虚し, 2
許す, 2
叫べる, 2
境界, 2
強, 2
怯む, 2
恐れ, 2
狂い, 2
狂っ, 2
狭く, 2
興味, 2
曲がる, 2
緊急, 2
近づく, 2
近寄っ, 2
金縛り, 2
苦し, 2
苦しま, 2
苦しみ, 2
苦しむ, 2
駆け, 2
具合, 2
愚か者, 2
繰り返す, 2
繋い, 2
繋がっ, 2
繋がる, 2
激し, 2
欠ける, 2
決まっ, 2
決まり, 2
潔く, 2
結局, 2
結構, 2
結末, 2
嫌, 2
犬, 2
見きわめ, 2
見つかる, 2
見れ, 2
見栄, 2
見失う, 2
見上げる, 2
見当たら, 2
見透かさ, 2
厳しい, 2
減ら, 2
現れ, 2
現代, 2
言い放つ, 2
限ら, 2
呼び止め, 2
呼び続け, 2
己, 2
語り合う, 2
交わさ, 2
交わし, 2
交わり, 2
光らせ, 2
光り輝く, 2
効き, 2
口笛, 2
幸, 2
幸福, 2
広がり, 2
攻め, 2
更け, 2
降っ, 2
降りそそぐ, 2
高, 2
高速, 2
合わ, 2
合わせ, 2
刻む, 2
告げ, 2
今ごろ, 2
今週, 2
恨ま, 2
恨み, 2
混ざり, 2
混み, 2
座っ, 2
最悪, 2
塞い, 2
砕け, 2
在る, 2
桜, 2
擦り, 2
三, 2
惨め, 2
散らし, 2
産み落とし, 2
産ん, 2
産声, 2
仕方, 2
使い, 2
思いがけない, 2
思いこん, 2
思いっきり, 2
思いやり, 2
思い切っ, 2
思い描い, 2
指輪, 2
止まっ, 2
視線, 2
詩人, 2
試す, 2
似合う, 2
侍れ, 2
時として, 2
磁石, 2
自業自得, 2
実力, 2
捨てよ, 2
者, 2
若, 2
若い, 2
弱い, 2
弱音, 2
取り返す, 2
手ざわり, 2
手つき, 2
手のひら, 2
受け, 2
受けつけ, 2
受け入れる, 2
秋, 2
蹴り, 2
蹴飛ばし, 2
週刊, 2
集まっ, 2
集まる, 2
集め, 2
住めりゃ, 2
十人十色, 2
柔らかい, 2
渋い, 2
重, 2
重く, 2
重ねる, 2
宿る, 2
縮ん, 2
出る, 2
出れ, 2
出来, 2
術, 2
盾, 2
巡っ, 2
順調, 2
助け, 2
女々しい, 2
傷つき, 2
勝ち誇る, 2
小さく, 2
少年, 2
床, 2
昇り, 2
消さ, 2
焦点, 2
照ら, 2
照らせ, 2
照れる, 2
称え, 2
笑わせ, 2
証拠, 2
上々, 2
上手, 2
乗り, 2
乗り込ん, 2
場面, 2
常識, 2
情, 2
情報, 2
状態, 2
譲り, 2
色づい, 2
触れれ, 2
食っ, 2
食べる, 2
食欲, 2
信号, 2
寝る, 2
寝顔, 2
寝息, 2
寝返り, 2
真っ, 2
神経, 2
親, 2
身軽, 2
身勝手, 2
進みゃ, 2
人類, 2
尽くし, 2
吹き抜ける, 2
吹き飛ん, 2
水面, 2
酔い, 2
酔っ, 2
酔っぱらい, 2
澄ん, 2
世界中, 2
性分, 2
星空, 2
棲む, 2
正確, 2
正気, 2
生きよ, 2
生きれ, 2
盛り上がっ, 2
逝っ, 2
醒め, 2
青臭い, 2
脆く, 2
惜し, 2
石, 2
積ん, 2
責める, 2
責任, 2
赤, 2
切り抜けれ, 2
切れはし, 2
折り重なる, 2
折れ, 2
絶好調, 2
先々, 2
泉, 2
染まっ, 2
染まり, 2
染まる, 2
染み, 2
染め, 2
染める, 2
潜む, 2
潜め, 2
選ぶ, 2
選べよ, 2
鮮明, 2
狙え, 2
素振り, 2
想え, 2
捜し, 2
巣, 2
槍, 2
相性, 2
草, 2
走っ, 2
走り出す, 2
増し, 2
憎まれ, 2
足もと, 2
足音, 2
足元, 2
足取り, 2
速, 2
続ける, 2
存分, 2
損, 2
多い, 2
打ち, 2
打っ, 2
待た, 2
待ち, 2
貸し借り, 2
大きく, 2
大手, 2
大人, 2
大胆, 2
叩い, 2
叩き, 2
奪っ, 2
脱い, 2
単純, 2
嘆き, 2
嘆く, 2
探す, 2
探そ, 2
弾ける, 2
暖かい, 2
知らさ, 2
知らせ, 2
地面, 2
恥じる, 2
置い, 2
遅, 2
遅れ, 2
着, 2
着く, 2
着ける, 2
中, 2
中途半端, 2
仲, 2
仲良く, 2
宙, 2
昼間, 2
注ぎ, 2
張り, 2
蝶々, 2
超える, 2
長, 2
沈む, 2
追い, 2
追いつめ, 2
通す, 2
掴ん, 2
諦め, 2
泥まみれ, 2
天, 2
天井, 2
天使, 2
転がり, 2
転校生, 2
伝わる, 2
電車, 2
渡る, 2
登っ, 2
途中, 2
都合, 2
土曜日, 2
奴, 2
怒る, 2
冬, 2
凍ら, 2
投げる, 2
投げ出し, 2
桃色, 2
当たり前, 2
到底, 2
踏み入れ, 2
踏め, 2
逃げ出し, 2
透き通る, 2
動い, 2
動か, 2
動き出し, 2
動物, 2
導い, 2
道徳, 2
毒, 2
突き, 2
突き破っ, 2
届けよ, 2
鈍い, 2
内緒, 2
南, 2
賑やか, 2
日常, 2
入っ, 2
入れる, 2
忍び寄る, 2
燃やす, 2
濃い, 2
能, 2
拝み, 2
拝む, 2
買い, 2
買う, 2
売れ, 2
薄暗い, 2
縛ら, 2
抜か, 2
晩, 2
卑屈, 2
否応, 2
悲劇, 2
秘密, 2
被害, 2
飛び散る, 2
飛べる, 2
微笑む, 2
微笑ん, 2
微妙, 2
美しき, 2
美貌, 2
鼻, 2
必死, 2
百, 2
表情, 2
描け, 2
不意, 2
付い, 2
怖がら, 2
普通, 2
浮かん, 2
負ける, 2
武器, 2
風邪, 2
覆い, 2
沸き上がる, 2
分かち, 2
分ける, 2
紛れ, 2
文句, 2
聞かし, 2
聞け, 2
塀, 2
並ん, 2
閉ざさ, 2
閉ざそ, 2
閉じ込め, 2
閉め, 2
癖, 2
別々, 2
返せ, 2
舗道, 2
捕まえ, 2
歩け, 2
包む, 2
呆れ, 2
崩れ落ち, 2
抱きしめる, 2
抱き合う, 2
抱き合っ, 2
抱ける, 2
捧げよ, 2
放ち, 2
放っ, 2
方向, 2
褒め, 2
飽きる, 2
忘れよ, 2
忘れ去る, 2
膨らむ, 2
吠え, 2
毎晩, 2
満た, 2
未だ, 2
未開, 2
未練, 2
蜜, 2
眠く, 2
眠れる, 2
夢中, 2
無き, 2
無意識, 2
無作法, 2
無防備, 2
霧, 2
命がけ, 2
迷っ, 2
迷路, 2
鳴り, 2
模様, 2
目覚める, 2
問い, 2
問わ, 2
悶々, 2
夜更け, 2
夜毎, 2
憂, 2
湧い, 2
湧く, 2
夕闇, 2
夕食, 2
余地, 2
揺ら, 2
揺らぐ, 2
揺らさ, 2
用, 2
葉, 2
遥か, 2
欲しく, 2
欲情, 2
雷, 2
乱れる, 2
裏切る, 2
離す, 2
立た, 2
立ちつくす, 2
立ち止まっ, 2
流れよ, 2
溜め息, 2
旅立ち, 2
涼しげ, 2
良かっ, 2
力尽きる, 2
輪っか, 2
冷え, 2
冷める, 2
礼, 2
恋心, 2
路上, 2
漏れ, 2
漏れる, 2
話せ, 2
惑わさ, 2
仄か, 2
囁い, 2
囁く, 2
彷徨い, 2
揉ま, 2
曖昧, 2
謳う, 2
10, 3
100, 3
ALONE, 3
Again, 3
Ain, 3
Anything, 3
BIG, 3
BROTHER, 3
Blowin, 3
CD, 3
CHANGE, 3
COME, 3
CRY, 3
Communication, 3
Crush, 3
DANCE, 3
DAY, 3
DEAD, 3
DEEP, 3
DRIVE, 3
Dive, 3
ENERGY, 3
EPIC, 3
EVERYDAY, 3
Everybody, 3
Everyday, 3
FASHION, 3
FIND, 3
FRIDAY, 3
FUTURE, 3
Free, 3
G, 3
GREEN, 3
Getaway, 3
Gonna, 3
Good, 3
HEAT, 3
HIGH, 3
HOT, 3
IS, 3
If, 3
JOY, 3
Jealousy, 3
Jive, 3
Keep, 3
Lady, 3
Like, 3
Live, 3
Look, 3
MACHINE, 3
MIDNIGHT, 3
MONSTER, 3
MVP, 3
NATIVE, 3
Nowhere, 3
PRAY, 3
Please, 3
Promise, 3
READY, 3
ROAD, 3
ROCK, 3
SO, 3
SOUL, 3
SPLASH, 3
STAY, 3
Safety, 3
Sake, 3
Shouting, 3
Someone, 3
Speak, 3
TOKYO, 3
TV, 3
Tasty, 3
This, 3
Try, 3
WANNA, 3
WAR, 3
WAY, 3
WHAT, 3
Waganamidakana, 3
Why, 3
X, 3
YOURSELF, 3
Young, 3
ain, 3
along, 3
any, 3
at, 3
before, 3
better, 3
blowin, 3
brain, 3
break, 3
brighter, 3
burn, 3
by, 3
candle, 3
close, 3
communication, 3
dancin, 3
dark, 3
desire, 3
dreams, 3
drink, 3
drives, 3
edge, 3
empty, 3
end, 3
everybody, 3
everywhere, 3
far, 3
fear, 3
getaway, 3
gone, 3
hair, 3
hard, 3
hide, 3
hole, 3
leading, 3
live, 3
lonely, 3
look, 3
lose, 3
losing, 3
miss, 3
moon, 3
our, 3
paying, 3
please, 3
road, 3
seen, 3
she, 3
think, 3
thinkin, 3
thinking, 3
till, 3
touch, 3
train, 3
un, 3
waiting, 3
wall, 3
was, 3
when, 3
world, 3
あおう, 3
あかり, 3
あきらめる, 3
あわせ, 3
いくら, 3
いっぱい, 3
いてる, 3
いまどき, 3
うし, 3
うそ, 3
うたお, 3
うっすら, 3
うつ, 3
うつむい, 3
うるおう, 3
うろたえる, 3
おいてきぼり, 3
おき, 3
おどろ, 3
おんなじ, 3
かう, 3
かえす, 3
かかげろ, 3
かき, 3
かくさ, 3
かこ, 3
かたい, 3
かっ, 3
かわい, 3
かわそ, 3
がんばっ, 3
きか, 3
きまぐれ, 3
きらめき, 3
くっつい, 3
くりかえす, 3
くり返し, 3
ぐらつく, 3
ぐりめぐってまた, 3
けなし, 3
こころ, 3
こたえ, 3
こぶし, 3
こわし, 3
こわれる, 3
ごまかし, 3
さぁ, 3
さえ, 3
さみし, 3
さめる, 3
さらけだせ, 3
さりげ, 3
さわい, 3
さわっ, 3
ざわめき, 3
しまっ, 3
しみつい, 3
しめ, 3
しゃぶり, 3
しょうもない, 3
じっくり, 3
じわりじわり, 3
すぎ, 3
すむ, 3
せかす, 3
せまら, 3
それとも, 3
それなり, 3
たおれる, 3
たぐり, 3
たたっ, 3
たまに, 3
ためらい, 3
だい, 3
だせ, 3
だって, 3
つき, 3
つけろ, 3
つながり, 3
つなぎとめ, 3
つぶやい, 3
つまる, 3
つれ, 3
てん, 3
でかけ, 3
できれ, 3
ではじめよ, 3
とうに, 3
とおりすぎ, 3
とけ, 3
とどろけ, 3
とまどう, 3
とる, 3
どうせ, 3
どうも, 3
どっこいどっこい, 3
どっぷり, 3
な, 3
なお, 3
ながい, 3
ながめ, 3
なき, 3
なくす, 3
なくなり, 3
なすら, 3
ぬい, 3
ぬるい, 3
ねばれ, 3
はかな, 3
はかなく, 3
はきだし, 3
はじまっ, 3
はじめよ, 3
はじらい, 3
はて, 3
はばたい, 3
ぱっと, 3
ひ, 3
ひそか, 3
ひろげ, 3
ふくらん, 3
ふりかえる, 3
ふりしぼる, 3
ふるさと, 3
ふろ, 3
ぶつかる, 3
ほうり, 3
ほしい, 3
ほったらかし, 3
ほんとに, 3
ぼっ, 3
まぎれ, 3
まずい, 3
まっしぐら, 3
まとも, 3
まぶた, 3
まわる, 3
みださ, 3
めぐり, 3
めんどく, 3
もだえ, 3
もちろん, 3
もらっ, 3
ゃあいい, 3
ゃいるんだ, 3
やがて, 3
やっと, 3
やめよ, 3
やりとり, 3
やれる, 3
やろ, 3
やわらかい, 3
ゆる, 3
よい, 3
よかっ, 3
よじれ, 3
よせる, 3
よそ見, 3
よみがえっ, 3
わかりゃ, 3
アクセル, 3
アケスケ, 3
アザ, 3
アタマ, 3
アップアップ, 3
アドレナリン, 3
イエス, 3
イタイケ, 3
イチ, 3
イッツオ, 3
イミシン, 3
エンジン, 3
オノレ, 3
オリジナル, 3
カーテン, 3
カウンター, 3
カクシン, 3
ガラクタ, 3
ガラス, 3
キリ, 3
グライド, 3
ケツ, 3
ゲーム, 3
コ, 3
コレ, 3
コレデイイノダコレデイイノダ, 3
サダメ, 3
サマー, 3
シーズン, 3
シグナル, 3
ショー, 3
シラ, 3
シルク, 3
ジプシー, 3
スイマー, 3
スケジュール, 3
スパイラル, 3
スマイル, 3
ダ, 3
ダイヤモンド, 3
ダサイ, 3
テーブル, 3
トンネル, 3
ドウスリャイイノ, 3
ドレス, 3
ナンバー, 3
ネオン, 3
ノイズ, 3
ノミホソウ, 3
ハジ, 3
ハッピー, 3
ハンドル, 3
バチ, 3
パラダイス, 3
ヒィヒィヒィ, 3
ビル, 3
フキアレナサイ, 3
フツウ, 3
プライド, 3
プリズナー, 3
プロローグ, 3
ベクトル, 3
ページ, 3
ボロボロ, 3
マーチ, 3
マイスター, 3
マリ, 3
マン, 3
ミソ, 3
メ, 3
メシ, 3
メラメラ, 3
モーメント, 3
ヨク, 3
ラ, 3
ライ, 3
ロス, 3
ロンリースターズ, 3
ワザ, 3
ヴィジョン, 3
哀しく, 3
愛し合う, 3
逢う, 3
逢え, 3
悪く, 3
握っ, 3
握り, 3
安らぎ, 3
意外と, 3
意地, 3
一生, 3
一声, 3
一度, 3
一夜, 3
溢れ, 3
溢れる, 3
引き返さ, 3
引き裂け, 3
飲ん, 3
雨粒, 3
駅, 3
越せ, 3
煙草, 3
縁, 3
遠き, 3
往く, 3
横顔, 3
可能, 3
火花, 3
花火, 3
花開く, 3
我が身, 3
牙, 3
壊し, 3
快楽, 3
悔やむ, 3
絵, 3
開く, 3
街道, 3
格好, 3
学ぶ, 3
楽しむ, 3
楽しめ, 3
楽園, 3
乾い, 3
感じる, 3
歓声, 3
奇跡, 3
奇蹟, 3
帰ろ, 3
飢え, 3
偽り, 3
久しぶり, 3
休み, 3
救う, 3
救わ, 3
泣かせ, 3
泣き笑い, 3
去っ, 3
去れ, 3
叫べよ, 3
叫ぼ, 3
恐く, 3
狭き, 3
驚き, 3
凝らそ, 3
玉, 3
苦い, 3
苦しい, 3
空っぽ, 3
偶然, 3
迎えよ, 3
欠け, 3
決まら, 3
決まる, 3
決める, 3
結果, 3
権利, 3
見きわめろ, 3
見つけだし, 3
見つけろ, 3
見つめる, 3
見守っ, 3
見送っ, 3
元気, 3
呼び, 3
戸惑う, 3
戸惑わ, 3
故郷, 3
枯らし, 3
語る, 3
向い, 3
向かい, 3
好か, 3
広がる, 3
構わ, 3
考える, 3
荒くれ, 3
荒れ, 3
行方, 3
豪勢, 3
刻ん, 3
国境, 3
惚れ, 3
今宵, 3
困っ, 3
根っこ, 3
根性, 3
差し出さ, 3
砂漠, 3
鎖, 3
最愛, 3
坂, 3
咲かせ, 3
殺し, 3
雑, 3
錆び, 3
始まっ, 3
始まら, 3
始めよ, 3
始める, 3
思い切り, 3
止まる, 3
糸, 3
事情, 3
次第, 3
失くなる, 3
実る, 3
寂しい, 3
弱, 3
弱み, 3
守ろ, 3
受話器, 3
呪文, 3
拾い, 3
終点, 3
蹴っ, 3
週末, 3
醜態, 3
出かけよ, 3
出す, 3
出せる, 3
出よ, 3
出逢い, 3
出逢っ, 3
出会え, 3
出口, 3
純情, 3
傷つける, 3
傷付け, 3
勝ち負け, 3
少女, 3
昇っ, 3
消す, 3
焼き, 3
笑いかけ, 3
笑み, 3
衝撃, 3
証し, 3
鐘, 3
上げ, 3
状況, 3
飾り, 3
色とりどり, 3
触れる, 3
食い, 3
侵さ, 3
振り返る, 3
真っ白い, 3
真っ裸, 3
真新しい, 3
身分, 3
進み, 3
進める, 3
人ごみ, 3
水, 3
酔っぱらっ, 3
酔わ, 3
数, 3
数え, 3
澄まそ, 3
世, 3
世の中, 3
性格, 3
正しい, 3
清らか, 3
生, 3
生きぬい, 3
生き物, 3
生まれ変わっ, 3
惜しげ, 3
切っ, 3
切ら, 3
切る, 3
絶ち, 3
千, 3
戦え, 3
善, 3
早い, 3
早く, 3
争い, 3
痩せ, 3
蒼く, 3
走り抜け, 3
送ろ, 3
憎しみ, 3
続か, 3
待て, 3
大人び, 3
奪わ, 3
脱ぎ捨て, 3
辿っ, 3
嘆い, 3
淡い, 3
短い, 3
弾丸, 3
値札, 3
遅く, 3
昼, 3
挑めよ, 3
眺める, 3
調子, 3
沈ん, 3
追いかける, 3
店, 3
吐きだし, 3
賭ける, 3
灯り, 3
動き出せ, 3
動く, 3
動け, 3
独り, 3
届い, 3
曇っ, 3
謎, 3
日付, 3
認め, 3
濡らす, 3
濡れる, 3
悩む, 3
派手, 3
破り, 3
背, 3
背中合わせ, 3
買っ, 3
薄い, 3
薄っぺら, 3
抜い, 3
半分, 3
番, 3
悲鳴, 3
比べ, 3
飛びだしゃ, 3
飛び越し, 3
飛び降り, 3
飛び出し, 3
飛ぼ, 3
微, 3
敏感, 3
不条理, 3
怖, 3
浮かべ, 3
舞, 3
舞う, 3
分かっ, 3
別れる, 3
片手, 3
返す, 3
暮らす, 3
暮れる, 3
包み込ん, 3
報わ, 3
放て, 3
泡, 3
飽き, 3
亡くなり, 3
忘れかけ, 3
忙し, 3
忙しい, 3
忙しき, 3
望ま, 3
望ん, 3
本当, 3
本能, 3
磨い, 3
埋める, 3
満たさ, 3
満たし, 3
魅力, 3
民, 3
眠たい, 3
無口, 3
無敵, 3
無用, 3
無礼講, 3
明け方, 3
迷子, 3
迷惑, 3
鳴ら, 3
門, 3
矢, 3
癒せ, 3
有頂天, 3
誘う, 3
遊び, 3
揺らす, 3
溶かさ, 3
溶かし, 3
踊れ, 3
陽ざし, 3
欲, 3
裸足, 3
頼り, 3
乱さ, 3
乱暴, 3
裏切り, 3
離さ, 3
旅立つ, 3
淋し, 3
路地, 3
論外, 3
歪ん, 3
惑星, 3
呟い, 3
滾ら, 3
眩い, 3
ACTION, 4
Angel, 4
Any, 4
BLUE, 4
BUDDY, 4
Be, 4
East, 4
FLY, 4
Glory, 4
Guitar, 4
HOME, 4
Hurry, 4
KOMACHI, 4
Kids, 4
Kimi, 4
LATE, 4
LEAVE, 4
LIKE, 4
La, 4
Maybe, 4
NASTY, 4
O, 4
OF, 4
Odoritai, 4
PEACE, 4
Push, 4
RUN, 4
Real, 4
Rhapsody, 4
SLAVE, 4
SONG, 4
SUPER, 4
TOO, 4
Teardrops, 4
To, 4
Too, 4
WORLD, 4
Your, 4
action, 4
alive, 4
an, 4
are, 4
as, 4
beautiful, 4
bird, 4
blue, 4
burnin, 4
call, 4
crazy, 4
de, 4
drift, 4
easy, 4
fight, 4
gettin, 4
girls, 4
into, 4
lie, 4
middle, 4
naka, 4
naked, 4
own, 4
passion, 4
raging, 4
river, 4
sea, 4
sets, 4
shakes, 4
showtime, 4
sign, 4
slowly, 4
something, 4
storm, 4
street, 4
strong, 4
sure, 4
tears, 4
watchin, 4
watching, 4
waves, 4
where, 4
wind, 4
won, 4
wonderful, 4
yes, 4
あがる, 4
あげよ, 4
あつい, 4
あんな, 4
いく, 4
いやいや, 4
いわ, 4
うまい, 4
およい, 4
お気に入り, 4
かかっ, 4
かな, 4
かなえ, 4
かわし, 4
かわる, 4
がんじがらめ, 4
くくれ, 4
こ, 4
こらえ, 4
こわい, 4
ご, 4
さめ, 4
しがみつい, 4
すがっ, 4
すっかり, 4
せめて, 4
そしたら, 4
それで, 4
ため, 4
ためらう, 4
だけど, 4
ちっちゃく, 4
ちっぽけ, 4
つかみ, 4
つぼみ, 4
つまらない, 4
で, 4
と, 4
とい, 4
とっくに, 4
とっても, 4
どういう, 4
どうにも, 4
なくし, 4
なのに, 4
ならん, 4
なりふり, 4
なんと, 4
ね, 4
のっ, 4
はしゃい, 4
はじまら, 4
はなれ, 4
ばらまい, 4
ひい, 4
ひきずっ, 4
ぴったり, 4
ふらち, 4
ふりかえら, 4
ふれ, 4
ほんと, 4
ぼやけ, 4
まあ, 4
まくろ, 4
まるごと, 4
まわっ, 4
みだら, 4
むなし, 4
もがい, 4
もてあそば, 4
やさし, 4
やってき, 4
やま, 4
よがり, 4
よみがえる, 4
わがまま, 4
わるい, 4
アイツ, 4
アクアブルー, 4
アタシ, 4
ウルトラ, 4
オトコ, 4
オトナ, 4
オンナ, 4
キレイ, 4
ギリギリ, 4
ゴール, 4
ジュース, 4
スイッチ, 4
スタイル, 4
ステップ, 4
スロウダンス, 4
セキララ, 4
セブンスヘブン, 4
ソウル, 4
タマ, 4
ダン, 4
チャート, 4
ナイフ, 4
ハナシ, 4
ハンパ, 4
バク, 4
バス, 4
ヒミツ, 4
ブーツ, 4
ブルー, 4
ブルージー, 4
ヘア, 4
ホンネ, 4
ミエナイチカラ, 4
ミルク, 4
ムキ, 4
メーデー, 4
メッセージ, 4
ヤリ, 4
リズム, 4
ルーズ, 4
哀しみ, 4
愛せる, 4
逢える, 4
悪魔, 4
違っ, 4
一心不乱, 4
一生懸命, 4
映っ, 4
映る, 4
押し, 4
横切っ, 4
黄昏, 4
憶え, 4
夏期, 4
暇, 4
歌お, 4
華やか, 4
過去, 4
会っ, 4
解き放て, 4
壊れ, 4
確かめ, 4
学べ, 4
楽しく, 4
割れ, 4
間違っ, 4
眼, 4
願っ, 4
旗, 4
帰っ, 4
気配, 4
輝け, 4
急が, 4
居心地, 4
距離, 4
強がっ, 4
怯え, 4
近づい, 4
喰い, 4
激しい, 4
穴, 4
嫌わ, 4
見つから, 4
言える, 4
呼ぶ, 4
戸惑い, 4
枯れる, 4
午後, 4
効果, 4
口唇, 4
喉, 4
幸運, 4
荒野, 4
降り, 4
高い, 4
今頃, 4
根, 4
最近, 4
最初, 4
細い, 4
咲い, 4
咲く, 4
作っ, 4
作る, 4
雑誌, 4
傘, 4
散る, 4
残し, 4
残る, 4
子, 4
子供, 4
思い込ん, 4
指先, 4
止, 4
止まり, 4
事件, 4
自己, 4
写真, 4
借り, 4
手ぶら, 4
終ら, 4
終わっ, 4
臭い, 4
獣, 4
出かけ, 4
出さ, 4
出会う, 4
春, 4
巡り, 4
書い, 4
女神, 4
少ない, 4
少なめ, 4
焦がし, 4
照れ, 4
笑える, 4
乗れよ, 4
色褪せ, 4
信じよ, 4
寝, 4
森, 4
真似, 4
震える, 4
震わせ, 4
人まかせ, 4
尽き, 4
正体, 4
聖なる, 4
惜しく, 4
絶え, 4
絶頂, 4
鮮やか, 4
善悪, 4
全身, 4
想わ, 4
尊い, 4
他愛, 4
打ちのめさ, 4
大きい, 4
奪う, 4
辿り, 4
男女, 4
知れ, 4
恥, 4
遅い, 4
追い求め, 4
追わ, 4
通る, 4
掴も, 4
泥, 4
転がる, 4
渡ろ, 4
途切れ, 4
途絶える, 4
途方, 4
凍りつい, 4
踏み出そ, 4
道路, 4
二つ, 4
入り, 4
熱き, 4
燃えつきる, 4
燃え上がる, 4
燃え尽き, 4
悩め, 4
悩ん, 4
縛る, 4
抜け, 4
彼, 4
秘め, 4
避け, 4
飛ばし, 4
微熱, 4
美しく, 4
必要, 4
描き, 4
不可能, 4
不思議, 4
浮かれ, 4
負え, 4
舞い, 4
風景, 4
服, 4
閉ざし, 4
閉じよ, 4
別に, 4
歩こ, 4
包み, 4
抱き締め, 4
忘れ物, 4
望む, 4
魔法, 4
満月, 4
味わい, 4
眠ら, 4
眠る, 4
無い, 4
明るい, 4
迷え, 4
鳴る, 4
悶え, 4
野性, 4
愉快, 4
癒し, 4
憂い, 4
憂鬱, 4
夕暮れ, 4
理性, 4
離れる, 4
立ち, 4
流し, 4
流す, 4
粒, 4
旅立と, 4
連れ, 4
話題, 4
煌めく, 4
珈琲, 4
Answer, 5
BEAT, 5
C, 5
Chain, 5
Days, 5
FEEL, 5
GIMME, 5
GIRLS, 5
IN, 5
Is, 5
JUST, 5
Koishikarubeki, 5
Pain, 5
SAVE, 5
Set, 5
She, 5
Sweet, 5
TIME, 5
Take, 5
Tell, 5
Up, 5
V, 5
Won, 5
about, 5
another, 5
anytime, 5
breakin, 5
dance, 5
days, 5
devil, 5
falling, 5
forever, 5
hands, 5
has, 5
hips, 5
keep, 5
kiss, 5
late, 5
little, 5
mon, 5
off, 5
pain, 5
reaction, 5
round, 5
sensation, 5
take, 5
together, 5
wicked, 5
would, 5
wrong, 5
あぁ, 5
あたりまえ, 5
あん, 5
いえ, 5
いき, 5
いじめ, 5
いたい, 5
いま, 5
おち, 5
かなり, 5
かん, 5
くれ, 5
こい, 5
こぼれ, 5
ささやい, 5
すき, 5
たいした, 5
たくさん, 5
ちゃう, 5
ちゃんと, 5
ついてる, 5
つける, 5
でる, 5
ときめき, 5
とら, 5
どうぞ, 5
どっち, 5
なんで, 5
なんにも, 5
ぬき, 5
ねむり, 5
はじまる, 5
はじめて, 5
はずれ, 5
はめ, 5
ひか, 5
ひま, 5
ほとばしる, 5
ぼく, 5
まぶしい, 5
むなしい, 5
もし, 5
やらし, 5
ゆこ, 5
ゆれ, 5
らん, 5
わたし, 5
グラス, 5
ザッツライフ, 5
シーツ, 5
シンパイナイ, 5
ゼロ, 5
ドキンドキン, 5
フリ, 5
ポケット, 5
マイ, 5
マグノリア, 5
モンダイナイ, 5
ヤ, 5
ワカラナイ, 5
愛す, 5
愛せ, 5
悪, 5
暗闇, 5
一瞬, 5
一体, 5
引き裂い, 5
飲み, 5
艶, 5
何一つ, 5
海辺, 5
開けれ, 5
街角, 5
覚まし, 5
楽し, 5
寒い, 5
完全, 5
甘く, 5
間違い, 5
祈り, 5
祈る, 5
貴女, 5
起こる, 5
吸い, 5
泣け, 5
許さ, 5
叫ぶ, 5
強引, 5
軽く, 5
見送る, 5
現実, 5
言い聞かせ, 5
限界, 5
後ろ, 5
交差点, 5
公園, 5
向け, 5
行き先, 5
今更, 5
今度, 5
最期, 5
細胞, 5
罪深い, 5
散っ, 5
思い出し, 5
思い出す, 5
思い出せ, 5
支え, 5
死ぬ, 5
自ら, 5
失わ, 5
捨てる, 5
車, 5
守っ, 5
手紙, 5
首, 5
初めて, 5
傷つく, 5
笑え, 5
乗せ, 5
場合, 5
食べ, 5
振り, 5
振り返ら, 5
深い, 5
真っ赤, 5
真夜中, 5
辛い, 5
人々, 5
人間, 5
精いっぱい, 5
青い, 5
青く, 5
惜しま, 5
切り, 5
川, 5
線, 5
船, 5
素直, 5
想っ, 5
蒼い, 5
速く, 5
続け, 5
耐え, 5
知らん顔, 5
地球, 5
地図, 5
張っ, 5
痛く, 5
溺れ, 5
天気, 5
特別, 5
虹, 5
脳, 5
破れ, 5
馬鹿, 5
微笑み, 5
氷, 5
不幸, 5
浮かぶ, 5
聞き, 5
抱え, 5
望み, 5
埋もれ, 5
未知, 5
眠り, 5
無く, 5
無くし, 5
無言, 5
無理矢理, 5
明け, 5
明ける, 5
鳴らし, 5
友, 5
夕べ, 5
余裕, 5
与え, 5
踊っ, 5
踊ら, 5
裸, 5
来世, 5
理屈, 5
裏, 5
裏切ら, 5
話し, 5
埃, 5
眩む, 5
3, 6
BANZAI, 6
Blue, 6
Boys, 6
Bye, 6
Can, 6
EASY, 6
HOLY, 6
Mm, 6
News, 6
Question, 6
RUNAWAY, 6
S, 6
SHOUT, 6
Show, 6
Uh, 6
calling, 6
face, 6
fire, 6
from, 6
real, 6
show, 6
that, 6
too, 6
turn, 6
uh, 6
us, 6
wating, 6
why, 6
without, 6
・, 6
あい, 6
あえ, 6
あっという間に, 6
あて, 6
いか, 6
いったい, 6
いのち, 6
いよ, 6
お互い, 6
かくれ, 6
かけがえ, 6
かわいい, 6
ぐっと, 6
ぐるぐる, 6
こぼれる, 6
こわれ, 6
そつ, 6
そらさ, 6
そりゃ, 6
たて, 6
たやすく, 6
たより, 6
だめ, 6
とっ, 6
となり, 6
とまら, 6
ともに, 6
とりとめ, 6
なくさ, 6
ねえ, 6
はじめ, 6
ふら, 6
むけ, 6
め, 6
もうかり, 6
やばい, 6
やら, 6
ゆける, 6
よせ, 6
わけ, 6
わり, 6
われ, 6
イチブ, 6
キライ, 6
サンクチュアリ, 6
シャラララ, 6
スキ, 6
ステージ, 6
スリル, 6
セリフ, 6
ハルカナル, 6
ビッグ, 6
ヘン, 6
マジック, 6
ママ, 6
ラスベガス, 6
隠さ, 6
遠回り, 6
歌う, 6
過ぎる, 6
灰, 6
開ける, 6
覚め, 6
慣れ, 6
丸め込ま, 6
喜び, 6
去り, 6
橋, 6
銀色, 6
繰り返し, 6
群れ, 6
迎え, 6
激しく, 6
隙間, 6
嫌い, 6
見せよ, 6
見せる, 6
見よ, 6
見上げ, 6
互い, 6
互いに, 6
光っ, 6
向かっ, 6
行ける, 6
高く, 6
今さら, 6
最新, 6
才能, 6
山, 6
思いきり, 6
事態, 6
自身, 6
失い, 6
失っ, 6
社会, 6
重い, 6
出会い, 6
純粋, 6
将来, 6
笑えよ, 6
乗っ, 6
情けない, 6
信じる, 6
振っ, 6
神様, 6
進め, 6
針, 6
勢い, 6
正義, 6
青, 6
青春, 6
雪, 6
先生, 6
戦い, 6
全て, 6
組ん, 6
増え, 6
憎み, 6
大きな, 6
大好き, 6
伝え, 6
怒ら, 6
怒り, 6
投げ, 6
逃がさ, 6
届く, 6
届け, 6
入る, 6
熱く, 6
肌, 6
描い, 6
怖く, 6
変, 6
変える, 6
変わる, 6
暮れ, 6
包ま, 6
味, 6
妙, 6
眠らせ, 6
問題, 6
夜空, 6
夜明け, 6
夕陽, 6
余計, 6
揺らし, 6
揺れる, 6
溶け, 6
踊ろ, 6
抑え, 6
翼, 6
立っ, 6
立て, 6
冷たく, 6
列車, 6
儚い, 6
眩しい, 6
罠, 6
AND, 7
Bad, 7
DEVIL, 7
Feel, 7
In, 7
Lonely, 7
N, 7
NAVIGATION, 7
NO, 7
ONE, 7
SAD, 7
Two, 7
Way, 7
YOUR, 7
around, 7
been, 7
body, 7
boy, 7
but, 7
change, 7
die, 7
goes, 7
have, 7
hear, 7
move, 7
pray, 7
rain, 7
still, 7
tonight, 7
あげる, 7
あふれ, 7
いろんな, 7
え, 7
おくれよ, 7
がむしゃら, 7
こっち, 7
さらし, 7
たっ, 7
つか, 7
つながっ, 7
ときどき, 7
とろける, 7
なんとか, 7
はっ, 7
ぶつけ, 7
まかせ, 7
まなざし, 7
まばゆい, 7
まみれ, 7
もと, 7
ゆずれ, 7
ろ, 7
アレ, 7
キ, 7
ギター, 7
コエテユケ, 7
ステキ, 7
チガウ, 7
バイバイ, 7
ヒト, 7
ベイビー, 7
ポイント, 7
ムリ, 7
モノ, 7
一つ, 7
飲み込ん, 7
宇宙, 7
運, 7
遠, 7
遠い, 7
臆病, 7
歌い, 7
河, 7
叶う, 7
帰ら, 7
気がつけ, 7
気持ちいい, 7
輝き, 7
許せ, 7
叫び, 7
恐い, 7
響き, 7
金, 7
形, 7
月日, 7
古い, 7
枯れ, 7
腰, 7
残っ, 7
死ん, 7
時に, 7
終り, 7
終わら, 7
終わる, 7
柔らか, 7
重ね, 7
出せ, 7
照らし, 7
心臓, 7
吹い, 7
吹き, 7
晴れ, 7
生まれる, 7
切れ, 7
戦う, 7
選ん, 7
走り, 7
騒ご, 7
退屈, 7
朝日, 7
眺め, 7
底, 7
敵, 7
憧れ, 7
熱, 7
悲しい, 7
扉, 7
美しい, 7
不満, 7
暴れ, 7
埋め, 7
無限, 7
無邪気, 7
名前, 7
迷う, 7
友情, 7
誘わ, 7
欲し, 7
落ちる, 7
嵐, 7
離し, 7
恋人, 7
2, 8
ANGEL, 8
ATTACK, 8
But, 8
Cool, 8
Do, 8
Everynight, 8
Fake, 8
For, 8
Girl, 8
IT, 8
KISS, 8
Kiss, 8
NUDE, 8
Shake, 8
Tシャツ, 8
What, 8
Zag, 8
Zig, 8
anymore, 8
dream, 8
fly, 8
girl, 8
going, 8
half, 8
knows, 8
more, 8
ride, 8
saddle, 8
soul, 8
stay, 8
there, 8
through, 8
tone, 8
wake, 8
いう, 8
う, 8
かい, 8
かも, 8
かれ, 8
くやし, 8
くれる, 8
じゃ, 8
ぜんぜん, 8
そのうち, 8
たぶん, 8
つく, 8
どく, 8
どの, 8
なにもかも, 8
ぬける, 8
み, 8
やさしい, 8
やさしく, 8
やれ, 8
イケ, 8
シャツ, 8
スピード, 8
スペシャル, 8
タネ, 8
テレビ, 8
バカ, 8
バラ, 8
ヒマ, 8
握りしめ, 8
暗い, 8
隠し, 8
嘘, 8
炎, 8
過ごし, 8
会う, 8
覚え, 8
叶わ, 8
甘え, 8
間に合う, 8
寄せ, 8
許し, 8
鏡, 8
響い, 8
鍵, 8
広げ, 8
行け, 8
降る, 8
始まり, 8
始め, 8
時計, 8
守る, 8
昇る, 8
笑う, 8
冗談, 8
唇, 8
真実, 8
震え, 8
世間, 8
正直, 8
絶対, 8
続い, 8
待つ, 8
誰か, 8
爪, 8
逃げる, 8
日, 8
悩み, 8
白く, 8
閉じ, 8
抱か, 8
脈, 8
無理, 8
目覚め, 8
目指す, 8
踊り, 8
乱れ, 8
理想, 8
ALL, 9
Fool, 9
NOW, 9
Nothing, 9
One, 9
Tonight, 9
Wo, 9
Wow, 9
YEAH, 9
brother, 9
bye, 9
hate, 9
liar, 9
man, 9
only, 9
over, 9
what, 9
ありゃ, 9
いこ, 9
いつのまにか, 9
いれ, 9
うずく, 9
お前, 9
くし, 9
ごめん, 9
ぬけ, 9
はじける, 9
はやく, 9
ひたすら, 9
ふるえる, 9
ほら, 9
みせ, 9
やっぱり, 9
ウソ, 9
ベッド, 9
ホント, 9
羽, 9
音, 9
家, 9
起き, 9
輝い, 9
泣く, 9
幻, 9
呼ん, 9
国, 9
罪, 9
指, 9
止まれ, 9
時代, 9
失, 9
守り, 9
出会っ, 9
照らす, 9
深く, 9
真ん中, 9
進む, 9
進ん, 9
生命, 9
責め, 9
大丈夫, 9
大切, 9
二度と, 9
匂い, 9
燃え, 9
満ち, 9
無駄, 9
明かり, 9
黙っ, 9
戻り, 9
踊る, 9
DIVE, 10
Fear, 10
Freedom, 10
Hi, 10
Rosy, 10
Starlight, 10
There, 10
Train, 10
Under, 10
feel, 10
name, 10
see, 10
sky, 10
somebody, 10
あえる, 10
せつない, 10
そういう, 10
どうしても, 10
どっか, 10
やる, 10
ゆけ, 10
イカ, 10
チャンス, 10
ナイ, 10
ハダカ, 10
ハピネス, 10
ヤツ, 10
ライフ, 10
運命, 10
花びら, 10
快感, 10
楽しい, 10
簡単, 10
間, 10
急, 10
響く, 10
見る, 10
言う, 10
魂, 10
砂, 10
止まら, 10
持っ, 10
失う, 10
傷つい, 10
笑わ, 10
赤い, 10
走れ, 10
仲間, 10
鳥, 10
灯, 10
届か, 10
不安, 10
聞こえる, 10
眠っ, 10
夢見, 10
迷わ, 10
戻っ, 10
戻れ, 10
Ah, 11
Are, 11
BURN, 11
DON, 11
Fly, 11
Give, 11
Me, 11
Town, 11
Wash, 11
Woo, 11
Yes, 11
cry, 11
her, 11
lady, 11
life, 11
mine, 11
this, 11
try, 11
あきらめ, 11
ありがとう, 11
きれい, 11
くだらない, 11
この世, 11
さまよう, 11
しずく, 11
ど, 11
なろ, 11
なんか, 11
はじけ, 11
ぶっ, 11
まっか, 11
もうちょい, 11
ウーマン, 11
ハート, 11
バンパイア, 11
哀しい, 11
愛さ, 11
歌っ, 11
火, 11
悔い, 11
確か, 11
感情, 11
甘い, 11
願い, 11
帰り, 11
丘, 11
見つけ, 11
口, 11
行か, 11
黒い, 11
昨日, 11
思え, 11
思わ, 11
似, 11
耳, 11
消える, 11
消し, 11
素晴らしい, 11
素敵, 11
白い, 11
負け, 11
壁, 11
歩く, 11
頬, 11
本気, 11
戻ら, 11
落ち, 11
冷め, 11
絆, 11
Bring, 12
DOWN, 12
LADY, 12
Loving, 12
NIGHT, 12
OH, 12
OUT, 12
Something, 12
find, 12
good, 12
heart, 12
stop, 12
thing, 12
truth, 12
vain, 12
あ, 12
いくつ, 12
いっ, 12
うまく, 12
きらい, 12
さがし, 12
しれ, 12
じっと, 12
そんなに, 12
ぬくもり, 12
まるで, 12
みな, 12
オレ, 12
下, 12
会え, 12
開け, 12
帰る, 12
気づか, 12
見つける, 12
孤独, 12
自信, 12
終わり, 12
勝手, 12
想う, 12
足, 12
濡れ, 12
熱い, 12
燃やし, 12
彼女, 12
腹, 12
暮らし, 12
忘れる, 12
揺れ, 12
Get, 13
Never, 13
gonna, 13
here, 13
hey, 13
never, 13
nothing, 13
sweet, 13
wing, 13
あいつ, 13
しょうが, 13
だから, 13
とん, 13
はかない, 13
わかり, 13
愛情, 13
何もかも, 13
気分, 13
泣か, 13
行き, 13
始まる, 13
止め, 13
寂し, 13
情熱, 13
走る, 13
大, 13
長い, 13
頭, 13
背中, 13
聞い, 13
聞か, 13
平和, 13
別れ, 13
変わり, 13
歩き, 13
本当は, 13
名, 13
迷い, 13
優しい, 13
冷たい, 13
Fever, 14
Go, 14
Just, 14
T, 14
alone, 14
anything, 14
back, 14
down, 14
lips, 14
not, 14
oh, 14
right, 14
あげ, 14
あれ, 14
くる, 14
そっと, 14
そのまま, 14
つらい, 14
なし, 14
なんだか, 14
のばし, 14
まっ, 14
もうすぐ, 14
やり, 14
イヤ, 14
会える, 14
強い, 14
光る, 14
行っ, 14
香り, 14
思い出, 14
昔, 14
町, 14
入れ, 14
悲しみ, 14
怖い, 14
包ん, 14
本当に, 14
浴び, 14
来る, 14
理由, 14
腕, 14
BABY, 15
Come, 15
Night, 15
Someday, 15
TO, 15
again, 15
come, 15
want, 15
それぞれ, 15
つない, 15
どうか, 15
どうして, 15
ま, 15
逢い, 15
一番, 15
雲, 15
景色, 15
肩, 15
向こう, 15
姿, 15
時, 15
出し, 15
触れ, 15
大地, 15
髪, 15
眠れ, 15
娘, 15
1, 16
Devil, 16
Happy, 16
MOVE, 16
So, 16
free, 16
あっ, 16
いつしか, 16
き, 16
たま, 16
ほんの, 16
まわり, 16
よく, 16
アナタ, 16
ドア, 16
奥, 16
何処, 16
夏, 16
歌, 16
花, 16
輝く, 16
血, 16
言い, 16
私, 16
他, 16
大事, 16
奪い, 16
聞こえ, 16
変わっ, 16
戻る, 16
優し, 16
流さ, 16
A, 17
Birthday, 17
LIFE, 17
No, 17
THE, 17
give, 17
gotta, 17
need, 17
どれ, 17
もう一度, 17
影, 17
楽, 17
歓び, 17
叫ん, 17
月, 17
言え, 17
行こ, 17
思っ, 17
足り, 17
他人, 17
探し, 17
抱き, 17
綺麗, 17
Hello, 18
Let, 18
mind, 18
one, 18
あふれる, 18
あり, 18
つけ, 18
なら, 18
ゆく, 18
オマエ, 18
越え, 18
過ぎ, 18
季節, 18
求め, 18
泣き, 18
傷, 18
相手, 18
窓, 18
知り, 18
ME, 19
ON, 19
just, 19
long, 19
tell, 19
お, 19
わから, 19
ダメ, 19
違う, 19
汗, 19
決め, 19
言っ, 19
考え, 19
最後, 19
最高, 19
次, 19
変わら, 19
陽, 19
来, 19
流れる, 19
My, 20
YOU, 20
eyes, 20
will, 20
あと, 20
傷つけ, 20
静か, 20
答え, 20
逃げ, 20
疲れ, 20
飛ん, 20
抱い, 20
毎日, 20
命, 20
力, 20
Baby, 21
いや, 21
ふたり, 21
気づい, 21
痛い, 21
欲望, 21
Hold, 22
WILD, 22
got, 22
さよなら, 22
つい, 22
どんなに, 22
やっ, 22
やつ, 22
俺, 22
教え, 22
続く, 22
知る, 22
離れ, 22
like, 23
make, 23
いっしょ, 23
かけ, 23
くりかえし, 23
さあ, 23
できる, 23
なく, 23
わかる, 23
果て, 23
会い, 23
海, 23
今夜, 23
瞳, 23
変え, 23
優しく, 23
and, 24
up, 24
ve, 24
かまわ, 24
見える, 24
思う, 24
瞬間, 24
笑っ, 24
色, 24
身, 24
太陽, 24
同じ, 24
未来, 24
勇気, 24
Now, 25
do, 25
きみ, 25
それでも, 25
とこ, 25
なれる, 25
なん, 25
ひと, 25
ラララ, 25
悪い, 25
永遠, 25
遠く, 25
小さな, 25
追いかけ, 25
波, 25
Don, 26
雨, 26
The, 27
out, 27
自由, 27
笑い, 27
生きる, 27
燃える, 27
部屋, 27
Love, 28
闇, 28
言わ, 28
生まれ, 28
先, 28
痛み, 28
all, 29
wanna, 29
ああ, 29
顔, 29
場所, 29
抱きしめ, 29
Dance, 30
MY, 30
ll, 30
わかっ, 30
光, 30
行く, 30
思い, 30
男, 30
GO, 31
なに, 31
やめ, 31
愛しい, 31
泣い, 31
女, 31
信じ, 31
so, 32
day, 33
get, 33
いら, 33
そば, 33
でき, 33
なり, 33
キミ, 33
感じ, 33
笑顔, 33
歩い, 33
It, 34
alright, 34
let, 34
おくれ, 34
なれ, 34
捨て, 34
そこ, 35
見せ, 35
幸せ, 35
出, 35
人生, 35
星, 35
朝, 35
On, 36
now, 36
no, 37
say, 37
そして, 37
でも, 37
強く, 37
away, 38
for, 38
is, 38
we, 38
待っ, 38
愛し, 39
二, 39
流れ, 39
We, 40
time, 40
こんな, 40
みんな, 40
know, 41
yeah, 41
おまえ, 41
知っ, 41
欲しい, 41
Yeah, 42
体, 42
night, 43
ただ, 43
気持ち, 43
LOVE, 44
don, 44
be, 45
ずっと, 45
道, 45
きっと, 46
全部, 46
way, 47
どんな, 47
can, 48
with, 48
日々, 48
go, 50
of, 50
見つめ, 50
好き, 51
恋, 51
love, 52
もっと, 52
想い, 52
これ, 53
気, 53
All, 54
ボク, 54
時間, 55
新しい, 55
見え, 56
あの, 57
いつか, 58
すべて, 58
re, 59
空, 59
風, 59
baby, 60
明日, 60
いつも, 61
一, 63
知ら, 64
消え, 65
世界, 66
声, 66
in, 68
m, 68
ひとつ, 68
生き, 68
涙, 68
いる, 71
ここ, 71
目, 71
NA, 72
You, 72
また, 72
愛, 72
今日, 72
a, 73
Oh, 74
夜, 74
your, 77
前, 77
街, 78
on, 79
ひとり, 79
だれ, 81
wow, 84
そんな, 85
見, 85
言葉, 87
忘れ, 87
僕ら, 87
t, 92
my, 95
Hey, 96
なっ, 97
胸, 99
to, 103
it, 106
なる, 108
自分, 118
夢, 118
s, 120
いつ, 120
い, 124
me, 125
ある, 130
心, 131
それ, 132
あなた, 135
どこ, 137
手, 137
その, 146
いい, 147
人, 149
the, 167
もう, 167
you, 178
今, 201
誰, 223
この, 225
I, 273
何, 292
君, 324
ない, 340
僕, 353
